#{"t_start": 1711032593.713082, "env_id": "Humanoid-v4"}
r,l,t
212.042604,41,1.68184
83.614441,17,1.700343
213.258099,44,1.756649
129.410244,25,1.785064
137.069499,28,1.819435
136.756215,27,1.850554
100.272447,20,1.87229
83.349799,17,1.890748
171.34024,34,1.934019
149.130227,30,1.971329
83.187902,17,1.989503
89.405606,18,2.00915
101.499313,20,2.032469
134.105982,26,2.062213
88.92628,18,2.081507
124.565501,26,2.111294
98.935929,20,2.135655
155.798772,31,2.172656
144.284831,28,2.205902
93.686999,19,2.230217
133.259758,26,2.260381
145.734427,28,2.305266
180.367988,35,2.344795
106.39836,21,2.367059
203.804642,41,2.414217
139.461168,27,2.445063
83.416173,17,2.466621
94.984047,19,2.487467
94.894214,19,2.508883
114.684384,23,2.540219
121.67309,25,2.569246
84.522202,17,2.587658
162.22942,32,2.625232
100.837787,20,2.657165
124.131061,24,2.684473
83.14622,17,2.704628
205.216152,39,2.773737
88.9123,18,2.795706
136.016687,26,2.82786
201.570129,39,2.878546
165.524912,32,2.915724
106.680915,21,2.939394
124.728788,25,2.96969
185.056092,39,3.015487
140.229207,28,3.049522
94.328254,19,3.072113
94.435613,19,3.092513
95.215749,19,3.112821
137.389292,27,3.14981
83.219085,17,3.168005
88.651562,18,3.188037
151.593704,32,3.225802
101.113003,20,3.248873
101.233516,20,3.271174
181.188081,35,3.332198
101.343342,20,3.359127
122.24859,25,3.387668
100.768211,20,3.409769
179.202101,36,3.456801
89.00489,18,3.476831
94.216281,19,3.497977
205.500093,42,3.551607
89.224714,18,3.571005
117.587157,23,3.59805
182.621476,34,3.638893
135.912785,26,3.671892
124.516903,25,3.700737
137.05948,27,3.733304
271.203971,56,3.808375
139.406846,28,3.841006
109.84983,22,3.865418
156.642308,31,3.900335
148.595936,29,3.935022
89.456825,18,3.956236
101.999328,20,3.982163
110.430694,22,4.00694
149.377246,29,4.045341
89.190774,18,4.06468
111.146289,22,4.089381
131.455599,27,4.121358
146.66545,31,4.157797
153.009505,31,4.195236
151.719886,31,4.230567
151.437946,29,4.263274
94.607408,19,4.283614
97.599116,19,4.309402
131.706527,26,4.35064
96.241531,19,4.376422
126.754867,25,4.411998
105.89571,21,4.449371
95.026634,19,4.48389
159.31243,31,4.539868
148.23406,31,4.592889
161.640231,32,4.648046
139.70185,30,4.698004
83.536844,17,4.725185
148.960774,29,4.785188
89.012128,18,4.812163
123.025763,24,4.85512
100.27221,20,4.885124
153.65482,31,4.934405
100.123296,20,4.969737
88.534455,18,4.99943
96.245321,19,5.027904
112.359719,22,5.06221
167.660809,34,5.120289
83.423496,17,5.148332
127.915635,25,5.187788
142.155052,27,5.23329
93.557374,19,5.262368
89.331472,18,5.289719
188.845982,37,5.3534
95.640339,19,5.387012
133.783729,26,5.430219
94.970183,19,5.459808
94.63121,19,5.489781
115.80555,23,5.528587
94.237679,19,5.557733
112.254503,22,5.592651
101.866308,20,5.623555
167.730358,34,5.683452
186.938424,36,5.745884
94.712175,19,5.777314
145.294699,28,5.823228
146.963365,30,5.874851
181.223483,38,5.940652
93.545204,19,5.974166
269.259064,54,6.068794
88.422653,18,6.096142
145.69057,29,6.147924
118.078061,23,6.190942
117.093687,23,6.230335
132.617797,26,6.27408
152.530298,30,6.327804
171.458528,33,6.39247
83.634558,17,6.422059
112.915499,22,6.465241
83.802969,17,6.495096
83.301282,17,6.522281
120.518367,24,6.563961
123.666362,24,6.605599
101.372206,20,6.636158
171.278197,34,6.703688
89.746847,18,6.732548
94.783019,19,6.763161
101.579497,20,6.796937
331.512684,64,6.909672
118.931732,23,6.951291
181.391816,37,7.0148
83.209547,17,7.040493
89.85033,18,7.06877
141.873885,28,7.113718
149.916065,30,7.163434
126.249474,25,7.201912
121.83327,26,7.246776
132.707814,26,7.295897
106.546336,22,7.343431
124.202867,24,7.393096
128.030917,26,7.433614
106.24929,21,7.47176
110.13139,22,7.514802
95.3519,19,7.560438
100.822562,20,7.603225
144.730963,32,7.661403
155.163762,30,7.719161
146.476255,29,7.772069
95.977765,19,7.800972
215.167051,43,7.874592
126.363264,25,7.914318
88.326641,18,7.942136
88.235135,18,7.97616
83.207148,17,8.00587
117.278878,23,8.049019
101.012422,20,8.082925
122.888553,24,8.122075
110.221272,22,8.158052
101.847385,20,8.193826
129.877037,26,8.238796
116.641002,23,8.294441
148.116094,29,8.354924
178.782063,36,8.421721
104.079315,21,8.45661
83.620563,17,8.483792
95.104722,19,8.514543
100.66663,20,8.548981
110.023138,22,8.600197
88.893352,18,8.630547
95.494077,19,8.663512
105.923792,21,8.712027
174.011469,34,8.771337
95.007623,19,8.791815
128.147087,25,8.817943
129.682137,26,8.846978
106.014075,21,8.87006
118.623197,23,8.894128
95.208942,19,8.913854
83.925391,17,8.93204
240.643019,48,8.995028
139.884428,27,9.024037
94.258533,19,9.043483
95.331189,19,9.064437
89.196473,18,9.08274
213.700026,41,9.127573
101.656313,20,9.150666
140.858647,29,9.182804
96.964549,19,9.202253
94.423209,19,9.225151
110.762072,22,9.247912
114.842003,23,9.276513
116.557814,23,9.301029
186.645018,36,9.344323
140.156072,28,9.375257
109.083063,21,9.397477
83.633787,17,9.415159
124.044392,24,9.440386
128.200993,25,9.468421
100.772119,20,9.490278
83.450594,17,9.508714
118.131162,23,9.538496
152.900378,30,9.57483
101.687229,20,9.596465
147.263787,29,9.633793
88.322938,18,9.659584
117.35688,23,9.688108
132.011762,26,9.71814
83.907094,17,9.735961
99.694837,20,9.758389
95.27386,19,9.779506
181.637811,38,9.82655
96.261591,19,9.847815
146.925407,29,9.881634
88.489943,18,9.900503
151.624603,29,9.932971
136.325736,30,9.969746
115.572422,23,9.997064
194.442924,38,10.039929
103.20022,20,10.065024
83.518087,17,10.083092
113.97685,23,10.108154
93.491385,19,10.128744
88.873375,18,10.149365
148.760819,29,10.181118
153.166039,30,10.213994
106.878182,21,10.237334
96.125012,19,10.258891
97.712864,20,10.283743
94.630802,19,10.303792
105.950407,21,10.326201
118.810811,24,10.355457
208.035574,43,10.408866
158.753862,31,10.444714
95.854145,19,10.46534
95.984119,19,10.487157
106.309724,21,10.510547
88.562102,18,10.531824
148.01218,29,10.564882
111.85517,22,10.592792
150.063641,29,10.623794
99.223435,20,10.645528
107.683867,21,10.67806
105.152017,21,10.703785
107.898558,21,10.730342
151.294703,30,10.765006
100.875882,20,10.788559
140.044581,29,10.82117
168.799658,36,10.863365
192.238019,38,10.906991
100.050051,20,10.928201
153.896872,30,10.965554
88.703594,18,10.988691
94.579141,19,11.008706
158.701898,32,11.045474
83.582189,17,11.063483
89.835844,18,11.083498
83.445182,17,11.10188
115.327359,23,11.127493
111.520294,22,11.153528
88.918204,18,11.172171
118.363593,23,11.198323
88.382339,18,11.219632
130.77175,27,11.252101
106.617876,21,11.278087
201.640665,41,11.33073
197.100251,38,11.380738
99.868672,20,11.403449
123.642932,25,11.43236
106.240186,21,11.456509
90.447056,19,11.479161
88.58489,18,11.500412
118.762276,23,11.529158
101.001741,20,11.551336
83.636763,17,11.570339
149.27454,29,11.605834
205.237859,40,11.65122
88.762571,18,11.671387
101.018964,20,11.706342
129.624614,26,11.743689
118.811153,23,11.769935
84.055073,17,11.789091
145.624044,28,11.821774
168.631579,33,11.858855
208.974488,42,11.907421
92.399656,19,11.932809
180.680307,35,11.974447
127.460134,26,12.009594
144.099457,29,12.044158
88.481547,18,12.06396
163.972896,34,12.104747
183.64508,36,12.146926
83.566418,17,12.166025
105.550634,21,12.188811
83.344139,17,12.206928
170.101929,36,12.250088
127.446539,25,12.277754
88.695243,18,12.297056
179.339118,35,12.336733
78.636857,16,12.356219
118.293702,23,12.384419
206.096741,40,12.432537
150.002446,30,12.466224
116.771594,23,12.495426
161.726447,31,12.533264
152.15035,32,12.571381
102.349217,20,12.59534
116.980432,23,12.622483
94.647687,19,12.64307
95.015058,19,12.663694
88.584738,18,12.685644
183.456521,36,12.740627
88.63527,18,12.766029
88.596828,18,12.785146
83.430771,17,12.80222
108.804662,21,12.8254
115.58051,24,12.852809
147.934503,29,12.885376
156.070899,30,12.919741
89.229324,18,12.939795
101.802253,20,12.963766
127.799811,26,12.996498
171.383957,33,13.043025
83.283219,17,13.062369
83.53585,17,13.080783
128.457868,26,13.110701
186.384498,38,13.155765
178.275147,35,13.196322
126.095059,27,13.226787
186.920484,36,13.27078
101.790637,20,13.296798
89.581886,18,13.316267
102.056254,20,13.342042
181.42861,35,13.386372
290.738002,57,13.453864
101.053161,20,13.47631
116.28946,23,13.503769
119.095036,23,13.533005
134.394526,26,13.562016
177.075309,34,13.605787
129.831894,29,13.63944
88.211942,18,13.659407
127.887037,25,13.687322
110.514952,22,13.712353
84.878327,17,13.73027
118.66972,23,13.754841
137.920243,28,13.797604
119.887253,24,13.826798
113.466375,22,13.851626
108.445923,21,13.873611
108.03669,21,13.89728
108.481578,22,13.922177
174.887788,34,13.962097
90.158936,18,13.980705
104.64342,21,14.007889
133.932317,28,14.040238
181.22976,38,14.084301
112.675081,22,14.10879
83.370308,17,14.12656
88.60873,18,14.145859
133.028022,26,14.177766
133.110827,26,14.208087
88.703006,18,14.2265
89.445976,18,14.245446
109.461228,21,14.271192
101.764684,20,14.294333
106.360965,21,14.320857
161.941904,31,14.356612
83.342166,17,14.376827
88.85505,18,14.39633
104.856558,21,14.418956
176.983225,36,14.460138
139.03024,28,14.492867
118.668372,23,14.520175
119.685921,23,14.548653
94.252207,19,14.569637
152.001199,32,14.610373
124.767806,25,14.638298
83.266853,17,14.6569
145.226827,29,14.693151
132.5572,26,14.72269
136.859841,27,14.753776
118.536304,23,14.779283
149.691921,30,14.826207
137.768446,27,14.861625
94.421861,19,14.882817
83.436947,17,14.904697
165.883301,34,16.999573
76.953063,16,17.718865
66.683401,14,18.339206
66.5665,14,19.083483
61.821288,13,19.991836
62.020388,13,20.829655
66.609063,14,22.102448
66.619062,14,23.05525
66.582288,14,23.794833
66.564162,14,24.408445
66.503506,14,25.023509
66.44201,14,25.636054
66.420438,14,26.262402
66.248925,14,26.886949
61.86243,13,27.482293
66.352418,14,28.092462
66.407917,14,28.729971
66.579323,14,29.334239
66.498064,14,29.96019
66.534437,14,30.582226
71.089894,15,31.222891
71.291081,15,31.906857
66.238564,14,32.52994
66.630906,14,33.153239
71.25441,15,34.083637
66.488437,14,34.995673
66.711441,14,35.914451
66.416955,14,36.872912
71.341215,15,37.747363
71.133707,15,38.404205
66.342792,14,39.038164
66.482052,14,39.654738
66.362699,14,40.294514
66.352901,14,40.902731
66.46115,14,41.526693
71.190973,15,42.202142
66.600895,14,42.826608
66.417371,14,43.459387
66.600427,14,44.080869
71.258334,15,44.713385
66.608513,14,45.34038
66.563896,14,45.957388
66.284509,14,46.587699
66.43454,14,47.216791
66.274846,14,48.032832
66.59609,14,48.962195
66.454059,14,49.901067
66.617226,14,50.840057
66.38956,14,51.722365
66.480716,14,52.32813
66.475355,14,52.953598
66.453506,14,53.578618
66.769616,14,54.197615
66.414921,14,54.841346
66.335631,14,55.492778
66.536574,14,56.297019
66.575206,14,56.946088
66.461968,14,57.568762
71.189856,15,58.234423
66.393447,14,58.855894
71.288659,15,59.502349
66.434007,14,60.126322
71.234551,15,60.796546
66.545433,14,61.396415
66.442162,14,62.27682
66.344263,14,63.193179
71.035429,15,64.154653
66.3545,14,65.09937
66.386573,14,65.891159
66.317735,14,66.525891
66.55354,14,67.167869
66.6608,14,67.782839
66.36048,14,68.41313
66.309086,14,69.027574
66.4258,14,69.650304
66.276957,14,70.279737
61.74461,13,70.858585
61.885043,13,71.42077
61.834633,13,72.000454
61.81118,13,72.560072
61.601685,13,73.142329
61.611508,13,73.736045
61.693592,13,74.319011
61.654837,13,74.877115
61.692193,13,75.469204
61.594633,13,76.238222
61.864074,13,77.102797
61.499594,13,77.939338
61.745691,13,78.834177
61.732503,13,79.691854
61.713233,13,80.262323
61.603379,13,80.828109
61.883385,13,81.406812
61.78235,13,81.978873
61.831919,13,82.553142
61.609362,13,83.116888
61.607927,13,83.720498
61.780918,13,84.281394
61.753414,13,84.877487
61.844563,13,85.433665
61.731981,13,86.039341
61.707607,13,86.597979
61.621591,13,87.186257
61.555722,13,87.746437
61.839371,13,88.33362
61.917313,13,88.90821
61.535786,13,89.493745
61.814135,13,90.24942
61.62568,13,91.130554
61.794459,13,91.96688
61.52774,13,92.852799
61.662668,13,93.717771
61.824806,13,94.326053
61.845483,13,94.885786
61.583067,13,95.488325
61.519682,13,96.051439
61.709958,13,96.671026
61.822437,13,97.236498
61.656317,13,97.822296
61.686435,13,98.395423
61.83107,13,98.998126
61.711453,13,99.57182
61.894919,13,100.153009
61.756789,13,100.719431
61.714575,13,101.309087
61.774046,13,101.885664
61.631762,13,102.481973
61.70908,13,103.045443
61.864174,13,103.654428
61.898732,13,104.471064
61.620289,13,105.327703
61.802361,13,106.330935
61.865158,13,107.416112
56.989157,12,108.187502
61.768157,13,108.749057
61.717512,13,109.336161
61.818193,13,109.921306
56.971605,12,110.441687
57.171406,12,110.984957
61.701227,13,111.570614
56.994229,12,112.118467
56.978631,12,112.647496
61.874273,13,113.211503
61.805126,13,113.800756
61.993386,13,114.38268
61.698504,13,114.999582
61.635224,13,115.586711
61.57047,13,116.253737
61.765805,13,116.935292
66.650068,14,117.569797
61.689689,13,118.210107
61.787756,13,119.107188
61.735456,13,119.979733
66.336477,14,120.904483
61.537615,13,121.766598
61.884846,13,122.489132
61.820668,13,123.05587
66.620931,14,123.692084
66.515825,14,124.312434
66.633552,14,124.935442
66.514231,14,125.568666
71.261664,15,126.239535
66.544413,14,126.89063
71.361449,15,127.558962
71.209897,15,128.240546
71.424896,15,128.905513
71.371311,15,129.578421
71.108168,15,130.233176
71.345933,15,130.92067
71.285521,15,131.57936
71.127413,15,132.30346
71.369237,15,133.280478
71.460423,15,134.313245
71.320173,15,135.300328
71.229218,15,136.271771
71.287822,15,136.93523
66.267367,14,137.561299
71.006596,15,138.248165
71.438645,15,138.910842
71.210241,15,139.588108
71.328716,15,140.25186
71.131454,15,140.922502
66.416259,14,141.554934
71.292869,15,142.209428
71.141489,15,142.896304
71.373784,15,143.556569
71.325163,15,144.24172
71.308579,15,144.887944
71.307033,15,145.58291
71.062791,15,146.285831
75.917096,16,147.363068
70.995286,15,148.368923
75.972341,16,149.458977
71.228093,15,150.379057
71.126437,15,151.057139
71.432605,15,151.728538
71.406353,15,152.422044
71.485581,15,153.084539
71.134844,15,153.780686
71.440395,15,154.424293
71.375927,15,155.117006
71.415482,15,155.778204
71.395021,15,156.44114
71.433099,15,157.13165
71.017994,15,157.839636
71.048453,15,158.486782
71.288049,15,159.172224
71.217349,15,159.848934
71.265127,15,160.682487
71.438388,15,161.647744
71.302337,15,162.64565
71.39328,15,163.659341
66.642549,14,164.491053
71.122721,15,165.176468
71.492603,15,165.823626
71.265829,15,166.503662
71.104275,15,167.183948
71.339047,15,167.863822
71.054725,15,168.526855
71.423015,15,169.21617
196.566362,41,171.07369
217.708948,42,172.992874
280.482079,53,176.001231
270.807846,51,179.337874
224.136021,43,181.296748
192.690336,38,183.019282
241.188767,46,185.092819
262.67995,50,187.361498
252.25591,48,189.805784
249.543388,48,193.030536
250.817027,48,195.237249
244.567145,47,197.371468
247.02775,48,199.571509
253.126152,49,201.786242
237.806445,46,204.26056
249.049136,47,207.293076
256.885517,49,209.524829
246.03654,46,211.603585
282.129058,53,213.995921
245.442198,46,216.068779
250.685086,47,218.745768
244.874795,46,221.608725
253.663171,48,223.761544
253.959733,48,225.91469
255.398313,48,228.075359
226.321291,42,229.95673
249.798071,47,232.544269
230.305602,43,235.3543
258.628176,48,237.519589
264.141009,48,239.691886
237.626022,44,241.66233
214.949617,40,243.470499
280.406952,51,246.097599
222.892037,42,248.917912
234.736322,44,250.973699
240.690151,45,253.007604
248.238407,46,255.088042
236.584015,44,257.073698
245.991521,46,259.171353
233.681044,44,262.108932
268.170286,50,264.683959
261.783858,49,266.869251
263.401627,50,269.142319
250.371404,47,271.273399
257.23373,49,273.675482
250.672074,47,276.816128
275.16703,51,279.172825
281.216323,52,281.51107
278.35197,52,283.875404
296.04936,58,286.470903
305.107856,57,290.01283
244.919151,48,292.486156
226.870463,44,294.512698
247.700066,48,296.657161
220.200589,44,298.612644
232.701215,45,300.602483
205.053392,40,303.184914
284.63438,54,306.039994
188.012594,37,307.740132
254.318041,48,309.875711
264.947116,49,312.054721
221.048987,43,314.020415
259.1796,49,317.058854
198.920994,39,319.179425
291.640503,55,321.602539
332.853421,64,324.495775
305.560365,58,327.071164
292.257376,56,330.337739
262.164667,52,333.153958
319.291,61,335.914068
297.499955,58,338.523788
244.320368,48,340.689801
282.031599,54,343.753911
240.963404,48,346.467041
237.675579,47,349.192479
273.951159,54,351.636443
242.97766,48,353.802095
239.725312,47,356.15289
242.28126,48,359.318426
250.113969,49,361.475822
234.720851,47,363.586882
269.786641,52,365.916472
259.581865,51,368.217995
283.604348,55,371.434822
273.063692,54,374.328038
252.763648,48,376.47875
293.222302,55,378.931015
301.639896,58,381.535354
280.545535,52,384.38706
253.235741,48,387.257976
250.460596,47,389.392485
297.639165,56,391.903927
266.731033,50,394.162492
230.697955,45,396.169622
237.821539,47,399.19909
258.205946,49,401.73432
189.572042,38,403.43199
80.708896,17,404.202468
76.123754,16,404.911586
80.726473,17,405.653472
81.041708,17,406.412682
75.809418,16,407.135715
76.272655,16,407.844736
75.880968,16,408.537184
80.59083,17,409.288097
80.837687,17,410.060554
76.081696,16,411.058356
76.108126,16,412.114439
76.188507,16,413.164451
75.864052,16,414.113636
76.034485,16,414.821434
80.81979,17,415.560817
80.82167,17,416.322967
80.640797,17,417.077919
80.849432,17,417.827999
80.771484,17,418.571561
76.137638,16,419.294628
80.735879,17,420.04703
80.828974,17,420.790315
80.670644,17,421.562084
80.718889,17,422.313243
80.975723,17,423.082952
80.616905,17,423.831832
80.609447,17,424.951883
81.240468,17,426.076558
75.950747,16,427.145648
80.84256,17,428.087417
80.74397,17,428.849813
80.838316,17,429.63937
80.688296,17,430.378705
80.584982,17,431.153564
81.155333,17,431.917469
80.993806,17,432.683014
80.710105,17,433.418425
81.009964,17,434.189074
76.359301,16,434.899531
75.870464,16,435.595389
81.384662,17,436.334677
81.054641,17,437.112448
76.330514,16,437.927957
80.840768,17,439.047218
76.182764,16,440.113941
76.258838,16,441.168339
76.18591,16,441.959812
80.860139,17,442.741027
75.883071,16,443.446773
75.697105,16,444.165171
80.782689,17,444.907981
81.137966,17,445.676634
75.851354,16,446.383683
81.261914,17,447.114857
80.769401,17,447.898822
75.837842,16,448.606268
80.675897,17,449.353872
75.954539,16,450.062744
76.084856,16,450.778667
81.547697,17,451.634932
76.152281,16,452.697021
80.958056,17,453.823649
76.041324,16,454.883324
76.111143,16,455.654082
76.060619,16,456.353384
75.978776,16,457.068503
76.124731,16,457.793147
76.25562,16,458.487202
76.349724,16,459.198318
76.123452,16,459.910412
76.179186,16,460.604784
75.91208,16,461.32028
76.036008,16,462.030577
81.031568,17,462.786707
75.833892,16,463.497861
81.496676,17,464.250233
76.187224,16,464.965679
76.601084,16,465.984018
76.411693,16,467.047578
82.235138,17,468.200206
76.565453,16,469.074386
71.278087,15,469.738326
76.538132,16,470.446507
76.627354,16,471.145661
71.729529,15,471.813395
71.446521,15,472.457591
71.371396,15,473.122134
82.536159,17,473.87626
81.848377,17,474.651556
71.751997,15,475.309723
71.622822,15,475.992685
71.533446,15,476.663269
77.310919,16,477.382592
71.411914,15,478.057067
71.297473,15,478.723274
71.309817,15,479.751337
77.449797,16,480.81485
77.155575,16,481.868123
82.991185,17,482.786621
77.149189,16,483.49315
76.959698,16,484.210112
71.330296,15,484.88882
82.825382,17,485.634904
71.682147,15,486.322952
71.245102,15,486.99013
71.535627,15,487.689842
77.597215,16,488.407121
77.219457,16,489.13491
82.824089,17,489.87349
71.252918,15,490.549264
89.171785,18,491.352772
89.269244,18,492.162067
100.836129,20,493.39379
95.645653,19,494.635669
108.253285,21,496.020253
106.989441,21,496.950835
89.515824,18,497.75332
112.316561,22,498.730582
107.378841,21,499.681072
112.986153,22,500.649943
101.504417,20,501.527745
125.917552,24,502.596631
114.180435,22,503.570024
96.160968,19,504.394669
108.839559,21,505.34281
95.983474,19,506.265687
115.292203,22,507.726673
108.92086,21,509.145497
109.103119,21,510.231612
114.120424,22,511.213946
112.667608,22,512.369362
119.665231,23,513.417422
99.248606,20,514.3082
119.863019,23,515.312762
117.344844,23,516.337786
112.308382,22,517.322621
98.942383,20,518.226708
103.155432,21,519.174894
105.423957,21,520.389597
108.66234,22,521.829793
118.265097,23,523.327471
101.960823,21,524.265449
99.093357,20,525.161081
121.102232,24,526.233398
103.242543,21,527.163913
97.387996,20,528.058849
103.04147,21,528.996983
109.193521,22,529.975703
132.734743,27,531.163764
123.12534,24,532.223683
126.671875,26,533.425123
126.207575,25,535.120095
95.576608,20,536.439689
144.393881,29,537.885132
156.578252,30,539.240916
152.413993,29,540.531759
140.936029,27,541.705058
124.072469,24,542.768933
124.230707,24,543.826446
117.15668,23,544.865134
111.756752,22,545.83334
142.971185,27,547.0296
114.7467,22,548.49632
115.700882,22,549.961231
130.285828,25,551.326665
107.111108,21,552.254221
111.100472,22,553.226475
117.351721,23,554.274656
122.16666,24,555.336353
122.258045,24,556.415153
93.325863,19,557.256793
124.387731,24,558.334887
114.745107,22,559.319734
142.563802,27,560.518711
122.140786,24,562.025786
146.885563,28,563.897176
117.435998,23,565.077863
117.495958,23,566.139737
117.904343,23,567.135771
115.8836,23,568.174195
118.78575,23,569.30537
114.412295,22,570.417794
100.024095,20,571.436249
118.622684,23,572.638948
106.355617,21,573.69947
112.041253,22,575.040813
129.376819,25,576.911123
127.93976,25,578.584735
199.900802,39,580.599436
150.92609,31,582.160463
139.813822,27,583.536078
162.049824,31,585.112383
167.316032,32,586.713091
122.881774,24,587.929708
98.681096,20,589.257058
105.68383,21,590.827447
100.050672,20,592.246765
106.947141,21,593.283793
105.807215,21,594.576422
112.127872,22,595.908052
122.925914,24,597.848284
111.498715,22,599.818502
100.080736,20,602.577435
99.578633,20,607.067775
99.89641,20,609.069442
105.674837,21,610.445892
120.133782,23,611.704105
105.737422,21,612.796848
93.438237,19,613.799746
86.352505,18,614.717104
93.751017,19,615.681306
100.354512,20,616.715628
99.605433,20,617.749922
116.840213,23,618.94538
103.70397,21,620.068565
124.161696,24,621.961514
112.285199,22,623.687241
120.478539,23,624.954646
107.739008,21,626.072605
117.981443,23,627.281619
98.916443,20,628.2991
111.870971,22,629.444211
103.73343,21,630.502946
109.875802,22,631.616807
92.699385,21,632.710418
111.463088,22,633.84678
92.175784,19,635.254927
112.43914,22,636.93628
100.760186,20,638.266006
117.542061,23,639.464357
101.279237,20,640.506162
119.570735,23,641.694339
124.744112,24,642.930449
117.946351,23,644.126857
113.495378,22,645.259061
106.918764,21,646.334903
145.329957,27,647.800998
130.790117,25,649.662553
100.618375,20,651.184059
121.481084,23,652.547269
126.855111,24,653.812309
113.476692,22,654.965253
118.120625,23,656.147089
92.495821,19,657.166821
113.202635,22,658.281307
111.991362,22,659.412228
113.101499,22,660.528021
131.451961,25,661.9056
126.882951,24,663.740274
145.055997,27,665.658824
120.289331,23,666.821126
150.845881,28,668.251856
124.479412,24,669.517003
126.104504,24,670.784796
130.103323,25,672.064269
124.913607,24,673.27606
126.131665,24,674.497805
141.991083,27,676.111056
126.012747,24,677.920382
143.571689,27,679.769288
125.25353,24,680.996445
119.87549,23,682.167699
132.388025,25,683.473179
138.147298,26,684.799404
132.197797,25,686.052063
140.32375,27,687.471789
147.197405,28,688.951261
187.307213,35,691.537888
149.552803,28,693.558023
187.641309,35,695.454379
159.416993,30,697.047769
140.617937,27,698.41668
178.989917,33,700.189614
154.685401,29,701.683038
164.732181,32,703.360709
186.786769,35,706.010718
85.028603,18,707.306127
84.789467,18,708.219115
175.397285,33,709.88781
198.468891,36,711.722797
102.688149,21,712.812832
182.362847,34,714.568984
255.833385,46,716.948886
100.962801,21,718.419505
84.604971,18,719.829944
178.216611,34,721.937073
90.406811,19,722.922927
128.291493,26,724.301504
280.275912,50,726.903763
225.569705,42,729.112269
202.368808,36,730.963756
242.371197,43,734.127169
236.195659,42,736.506592
80.324978,17,737.383662
297.993741,54,740.139428
84.937096,18,741.053341
100.901583,21,742.101075
85.242403,18,743.044123
232.217249,43,745.449258
75.362715,16,746.644912
71.288103,15,747.730981
80.0794,17,748.926182
85.037433,18,749.83016
90.042799,19,750.796738
97.897092,20,751.809464
218.312429,41,753.92934
86.019075,18,754.841417
102.55297,21,755.901637
96.818482,20,756.922471
85.538665,18,757.832959
97.111783,20,758.932445
85.67925,18,760.297031
319.451504,56,763.947943
86.262914,18,764.859135
91.855742,19,765.823441
125.242645,24,767.045554
76.79104,16,767.843693
80.935403,17,768.689723
81.108104,17,769.575976
76.077719,16,770.388793
76.320568,16,771.192908
80.719863,17,772.016379
80.657553,17,773.042578
76.000439,16,774.259721
81.070298,17,775.540905
81.456296,17,776.742701
76.138782,16,777.558828
80.777548,17,778.396221
81.722057,17,779.303765
81.97319,17,780.153446
82.027378,17,781.026989
80.540128,17,781.891047
81.727983,17,782.775995
82.631286,17,783.639838
90.095529,18,784.542003
81.051411,17,785.449439
81.833295,17,786.3161
80.861951,17,787.587593
81.864278,17,788.870861
89.125447,18,790.22243
82.211963,17,791.177634
88.973823,18,792.103505
95.362963,19,793.040465
80.692174,17,793.932011
102.169803,20,794.962363
88.498667,18,795.905382
102.319374,20,796.954504
109.012531,21,798.029208
89.101077,18,798.964726
117.60238,22,799.990024
82.030885,17,801.058632
134.977008,25,802.987654
149.690645,27,804.820291
109.497038,21,805.876059
122.168655,23,807.063794
121.541092,23,808.220881
114.71486,22,809.342116
109.114462,21,810.45278
120.764672,23,811.639612
114.978464,22,812.760388
148.709074,27,814.167686
122.458428,23,815.774872
193.350896,34,818.303309
175.514484,31,819.906708
154.52032,28,821.342963
127.729813,24,822.590984
115.941177,22,823.710086
140.999108,26,825.02897
108.004566,21,826.079008
140.074541,26,827.409764
134.00829,25,828.979831
114.541596,22,830.596464
185.284376,33,832.726155
171.2055,31,834.386749
208.817845,37,836.286353
210.828449,37,838.19087
173.054303,31,839.751626
188.625387,34,841.506103
134.874041,25,843.122594
191.155338,34,845.692011
115.303759,22,846.898987
163.0497,30,848.448288
178.38796,32,850.107357
173.988871,31,851.726803
177.541236,32,853.403441
134.287155,25,854.69175
179.641679,32,856.573773
120.292205,23,858.263503
113.461411,22,859.876643
190.817892,34,861.587856
145.863176,27,862.977992
177.332839,32,864.635415
118.692301,23,865.792796
151.920362,28,867.18171
174.560445,32,868.814863
132.086401,25,870.231957
136.884351,26,872.222006
119.78679,23,873.845399
101.006708,20,874.88142
131.468398,25,876.240661
99.575294,20,877.303809
124.669511,24,878.56482
125.400893,24,879.861505
113.255517,22,881.06467
176.741999,32,882.762892
124.958396,24,884.236844
112.225355,22,885.884415
125.040459,24,887.646106
111.95046,22,888.811963
112.902379,22,889.98186
147.074948,28,891.415769
125.330162,24,892.682661
87.12608,18,893.610365
125.815858,24,894.866929
106.969645,21,895.936249
120.90878,23,897.132367
126.273901,24,898.855922
154.636024,29,901.114956
159.279596,29,902.809862
180.147131,33,904.547061
131.818877,25,905.862983
148.594154,28,907.335154
183.423444,33,909.039708
113.767951,22,910.194737
119.853223,23,911.374695
177.603902,33,913.886945
204.863044,36,916.186746
165.085286,30,917.73439
202.576707,36,919.610003
200.570317,37,921.524364
245.083476,44,923.791746
214.693726,38,925.896455
173.533078,32,928.314316
229.268034,41,930.664917
243.351972,43,932.915405
217.994613,39,934.919833
223.596857,41,937.091344
223.904635,40,939.257727
169.414325,32,941.69751
239.662603,43,944.335477
221.686954,39,946.345685
243.938609,43,948.569152
247.162224,44,950.882994
219.818745,39,952.965833
193.265416,35,955.657629
186.092991,34,957.804983
210.629813,37,959.735013
182.488324,34,961.507922
207.344744,38,963.552168
177.981582,33,965.359367
147.541275,28,966.949235
203.337332,37,969.948141
196.627906,36,972.307542
200.452092,37,974.350419
205.673874,38,976.393801
202.068085,37,978.393912
199.586919,36,980.274206
213.624752,39,983.085122
199.777327,37,985.719537
210.660834,38,987.797775
217.008974,40,989.935847
212.177735,40,992.037911
211.278885,39,994.101855
200.968723,38,996.626056
207.529594,38,999.39329
205.447143,38,1001.420289
193.674043,36,1003.339304
211.992907,39,1005.420996
200.113616,37,1007.372292
222.40788,41,1009.865241
215.467645,40,1012.888334
165.092768,32,1014.577541
161.721209,32,1016.260177
209.876166,39,1018.308786
191.316487,37,1020.301321
151.385933,30,1021.909867
127.319222,26,1023.487339
133.972548,27,1025.494951
200.758142,38,1027.883459
193.992402,37,1029.841101
191.735769,37,1031.766515
137.86097,28,1033.246555
196.995758,38,1035.256964
194.93997,37,1037.407216
190.278809,36,1040.169939
162.069515,32,1041.962543
153.343821,30,1043.544685
197.090788,38,1045.585418
190.13394,36,1047.475021
147.306973,29,1048.972663
167.161116,33,1050.820586
114.376053,24,1052.683871
127.250183,26,1054.606194
164.899905,32,1056.283696
102.302289,21,1057.381109
160.85165,32,1059.055596
114.853228,24,1060.351135
126.400695,26,1061.718161
140.217229,28,1063.213369
196.369602,38,1065.590193
155.754445,31,1067.986506
167.337823,34,1070.232007
204.378361,39,1072.263848
152.709565,30,1073.915887
140.079253,28,1075.43099
169.471129,34,1077.200982
131.915359,27,1078.792551
147.145009,30,1081.10825
128.039778,26,1083.083136
119.763164,25,1084.427333
181.18187,35,1086.245387
187.389875,36,1088.152398
110.200424,23,1089.340505
110.703108,23,1090.579485
105.222297,22,1091.706224
124.939214,26,1093.443425
109.359591,23,1095.181871
115.730512,24,1096.763084
114.254626,24,1098.052494
190.472328,38,1100.049757
173.802981,35,1101.875671
110.461465,23,1103.070802
195.316747,38,1105.093592
100.713466,21,1106.227104
234.754594,43,1109.479938
225.906915,43,1111.851056
183.62009,35,1113.652255
199.57723,38,1115.61327
199.541058,38,1117.580136
217.511474,41,1119.733747
242.144677,44,1122.933063
192.972702,36,1125.10349
185.518886,35,1126.904832
203.369413,39,1128.947934
198.203664,37,1130.844558
199.810965,37,1132.787144
235.987006,44,1135.651377
239.179735,45,1138.632208
211.996188,39,1140.662044
226.389749,41,1142.844477
228.111573,42,1144.929036
213.060334,40,1147.05878
150.22358,29,1149.008381
219.765769,41,1152.031202
233.692787,43,1154.249974
212.591458,40,1156.350449
235.272294,44,1158.617352
231.244579,43,1160.844499
135.20702,27,1162.490599
164.034441,32,1164.966619
199.27866,37,1167.056649
192.56194,37,1168.99805
211.035725,40,1171.070402
231.429493,44,1173.357033
208.800494,39,1175.363752
240.050219,43,1178.615089
210.131835,38,1180.914643
106.701745,22,1182.071197
234.447943,42,1184.269586
238.605152,44,1186.542299
359.380211,63,1190.038193
265.025833,57,1194.06669
379.204736,77,1198.101546
227.568342,51,1200.765553
212.74748,49,1203.255644
231.807982,50,1207.074801
234.162398,52,1210.079438
244.973649,52,1213.193548
271.173613,59,1221.03587
290.402936,64,1225.255963
265.74526,61,1228.382477
277.156453,57,1231.382268
267.925392,59,1234.950053
220.493175,50,1238.331392
313.106387,72,1242.116759
306.409694,65,1245.554005
321.506186,73,1250.279143
325.581332,70,1254.181606
311.45085,68,1257.716496
293.855946,66,1261.161071
361.902085,82,1266.727996
320.5615,70,1270.523399
310.185155,65,1273.891428
322.133211,70,1278.671583
267.662971,59,1281.847396
278.431273,61,1285.086143
237.838166,56,1288.036825
256.703226,62,1292.463104
278.317977,62,1295.859035
284.190702,65,1299.240381
238.61978,56,1302.205799
253.074961,56,1306.229915
350.041721,69,1310.040258
277.747063,54,1312.837397
196.175037,38,1314.844102
337.752329,72,1319.426682
373.246063,75,1323.688218
82.823605,17,1324.597234
121.574344,23,1325.777824
115.379389,22,1326.931995
102.509571,20,1327.990818
134.588159,25,1329.137845
142.717407,26,1330.46774
289.410452,65,1335.111024
121.762696,23,1336.319592
112.334325,22,1337.453073
318.039599,62,1340.715781
540.704024,108,1347.084019
403.334773,84,1352.024435
387.264721,72,1355.74041
220.959639,48,1358.151167
469.834443,91,1364.085173
328.900312,65,1367.397702
263.7884,54,1370.147581
388.976921,78,1374.972148
306.041175,62,1378.605432
280.192319,59,1381.625834
369.314758,75,1385.52419
255.097959,54,1389.528047
376.108116,78,1393.925889
320.063599,64,1397.250141
335.660414,66,1400.905205
336.588318,71,1405.605075
307.712506,60,1408.70331
310.264068,62,1411.958347
255.09658,52,1414.977021
400.516396,80,1420.139922
286.950097,72,1423.930503
209.154411,42,1426.110653
291.190655,61,1429.883793
298.543826,61,1433.667623
259.808704,54,1436.330699
281.121879,56,1439.234547
266.839529,57,1442.395046
273.535396,56,1446.394911
286.934206,60,1449.513439
286.914129,58,1452.568939
303.323994,67,1456.133573
264.516756,57,1460.271089
267.314181,54,1463.069173
288.437887,64,1466.421484
338.663101,74,1470.713153
276.843799,55,1474.599702
246.832812,51,1477.283726
334.213041,70,1481.016161
263.09101,54,1484.064737
284.436352,59,1488.506001
267.425938,55,1491.481051
396.490838,80,1495.831856
340.151097,74,1500.626482
300.513416,60,1504.264732
380.890738,74,1508.188599
358.593931,71,1512.006308
380.493861,73,1517.225553
362.328222,71,1520.75838
297.634787,61,1524.007812
426.877136,81,1529.65044
505.500948,101,1535.25056
508.825145,97,1540.318515
344.816865,67,1545.092905
306.130854,63,1548.399314
395.322836,83,1552.618531
399.761414,80,1558.005999
314.830163,61,1561.306257
335.875742,70,1564.969552
466.001017,87,1570.380912
247.631657,47,1573.419863
321.189882,64,1576.785745
461.358549,91,1581.541512
307.45225,61,1585.97624
220.909188,44,1588.289068
416.600193,77,1592.306107
398.745384,76,1596.405558
466.845404,97,1602.744243
321.359643,71,1606.2023
428.132942,85,1611.135002
297.431173,56,1615.030139
392.73723,84,1619.514126
360.917249,69,1623.090313
381.598043,79,1628.558848
253.603266,52,1631.360842
271.409407,51,1634.146378
245.563666,47,1636.686579
284.682066,53,1640.477016
365.287974,69,1644.617958
298.231843,56,1647.595375
227.899815,44,1649.946514
322.370278,61,1654.049088
288.034686,57,1657.644583
323.982869,63,1661.100011
359.436125,67,1665.182666
371.302161,69,1670.091364
346.512145,64,1673.566083
332.424193,64,1676.991549
316.141479,58,1680.166892
292.4299,54,1684.152866
403.438824,76,1688.299067
367.855289,72,1692.139335
341.759768,64,1696.395275
270.501862,52,1699.622508
293.190977,57,1702.653369
365.583577,67,1706.277065
319.518556,60,1710.256496
389.544101,73,1714.59594
335.419276,62,1717.986642
292.501691,55,1720.75774
343.336223,65,1725.336416
455.128456,85,1730.112196
307.523503,57,1733.155791
309.694352,57,1736.40323
282.046019,54,1740.24391
294.439101,54,1743.087609
447.151572,83,1747.520593
323.290886,59,1751.320081
309.197613,57,1755.057793
349.277538,65,1758.553865
376.070079,70,1762.04582
334.642923,63,1766.143082
290.206077,54,1769.247406
348.239574,65,1772.553585
267.012902,51,1775.214472
256.793877,49,1777.960189
330.192194,62,1781.920958
281.055478,53,1784.652651
363.729178,69,1788.322453
372.934116,71,1792.374106
388.116827,74,1796.881424
351.103065,65,1800.29076
290.259919,56,1803.24626
391.585771,74,1807.975598
459.862926,96,1813.356549
408.24206,75,1817.228899
403.824624,75,1822.149764
442.303079,82,1826.867691
356.940445,66,1830.282363
272.090556,53,1833.406549
324.05799,61,1837.838189
345.998283,70,1841.626278
412.497622,75,1845.481323
627.649131,121,1853.001975
261.377775,50,1855.611372
326.583236,71,1859.323153
523.274313,97,1865.727544
361.120876,72,1869.617415
464.650531,102,1875.188548
342.092102,73,1879.952578
624.7619,116,1885.836978
405.570085,83,1890.918501
472.946249,91,1896.006052
425.739901,81,1900.289842
458.833629,86,1905.635599
494.112228,101,1911.216279
359.606403,68,1914.719569
407.792884,80,1919.548859
317.207013,71,1923.219002
250.145688,55,1925.999058
425.058577,83,1930.365101
306.809376,65,1934.648613
578.997477,120,1940.928742
470.613591,94,1946.376448
237.29438,53,1949.442943
531.069656,108,1954.85563
361.456306,78,1959.50698
439.834212,95,1964.755169
408.173349,77,1968.707834
364.232035,67,1972.509588
374.776547,70,1976.860546
546.948887,104,1982.305107
342.506508,67,1985.950724
268.409547,62,1990.094688
365.20157,70,1993.83658
352.021628,67,1998.000715
243.815201,54,2004.6107
212.036746,48,2007.161241
377.764411,80,2010.829987
252.763062,57,2013.623962
364.733264,75,2018.257819
233.494114,54,2021.465243
449.455613,93,2026.391318
300.473454,59,2029.511768
360.740359,69,2033.94468
339.664255,64,2037.390038
310.929625,58,2040.30194
392.506343,75,2044.537117
347.704388,66,2048.364604
434.3374,83,2052.687429
407.529802,78,2056.700235
600.682473,124,2063.843891
426.550215,79,2067.921578
542.006982,107,2074.397382
431.74477,93,2079.15204
335.408038,71,2082.888945
439.305116,94,2088.828935
482.141251,96,2093.590198
372.002318,69,2097.240882
429.424146,81,2102.707424
419.474447,87,2106.751794
324.184524,62,2110.01948
389.044786,80,2114.924099
614.815029,129,2121.607546
423.632331,80,2125.809576
349.286567,64,2130.148509
293.752404,54,2132.915339
393.13276,74,2136.645954
433.872079,79,2141.079558
499.503251,103,2147.102769
508.396652,96,2151.85712
399.845915,73,2156.605971
491.223016,92,2161.56104
542.289295,102,2166.810154
388.417954,72,2171.475941
373.687761,69,2175.009937
313.127032,59,2177.885271
398.436957,74,2181.75422
344.12569,63,2186.094949
359.836157,66,2189.293896
419.017173,77,2193.169618
553.864258,108,2199.686681
327.958533,60,2202.787141
451.479446,86,2207.031124
339.285896,64,2211.037385
530.630546,98,2216.500897
350.839838,65,2219.881391
333.138691,60,2223.109649
384.21772,70,2227.821938
391.384495,72,2231.252587
365.917096,71,2235.601998
348.215527,64,2239.894923
412.489414,81,2244.200269
350.707341,65,2247.495943
300.310447,56,2250.377667
374.869928,70,2254.988413
373.923654,70,2258.150984
309.463507,61,2261.320989
297.366548,56,2264.183699
335.977936,64,2268.513941
351.007148,66,2271.964222
480.05626,90,2276.510127
327.468668,63,2280.523947
390.422274,75,2284.595031
381.451925,71,2288.204169
464.796493,86,2292.938024
398.805408,72,2296.972581
409.546468,75,2300.811475
374.837775,68,2304.216977
396.60504,74,2308.843226
329.620369,60,2311.916437
387.941911,72,2315.561762
378.719291,73,2319.274105
298.721545,55,2323.135746
351.560521,64,2326.297208
396.600646,77,2330.154745
439.876421,82,2334.919247
345.297879,64,2338.541915
378.602411,73,2342.230417
342.460268,64,2345.505735
435.208231,81,2350.733699
421.392614,87,2355.171992
404.380094,73,2358.82175
387.861395,73,2363.56178
368.196517,72,2367.377863
406.60589,76,2371.327178
355.670262,67,2375.017179
513.598489,103,2381.047106
450.132578,84,2385.253645
465.446919,85,2390.281248
378.093446,84,2394.730146
411.530546,76,2398.554574
414.422482,76,2402.834541
345.612413,75,2407.315383
313.179734,67,2410.734331
390.972589,74,2414.484416
513.658595,107,2421.066972
496.720987,92,2425.783831
376.313539,79,2430.159214
475.001056,89,2435.398253
404.331519,77,2439.163196
364.550815,81,2443.423331
652.001547,125,2450.492851
355.450899,75,2453.780636
563.040679,106,2459.643601
558.03183,117,2465.551956
471.804995,86,2469.851508
408.327439,76,2474.760298
386.736988,77,2478.609993
320.188247,67,2481.818624
471.748462,93,2487.570109
342.875565,65,2490.949782
479.248251,95,2495.86536
769.623586,153,2504.548013
547.773911,104,2509.652627
232.11472,45,2512.022343
213.631231,42,2514.96778
232.558598,44,2517.325095
232.069519,45,2519.598048
239.880398,46,2521.897404
280.419852,50,2524.228672
202.926327,38,2526.424096
257.951232,48,2529.728064
243.206356,46,2532.064534
224.701113,43,2534.258343
248.969566,46,2536.581391
220.591906,40,2538.467956
219.788757,40,2540.869939
198.268077,38,2543.241169
244.641161,46,2545.467371
285.761098,54,2548.128337
220.459585,42,2550.222167
197.784648,39,2552.174831
263.017404,50,2555.425416
255.285485,48,2558.082534
277.545586,58,2560.760299
280.457609,53,2563.099185
188.978729,39,2565.046157
379.993038,71,2569.655022
386.895662,79,2573.636631
534.90427,112,2579.120478
290.951198,57,2582.740151
277.173685,60,2586.312558
415.899842,78,2590.280313
376.789706,79,2594.279826
263.925449,54,2598.147725
362.031327,72,2601.703995
282.992939,59,2604.524639
252.524704,54,2607.430992
350.807179,80,2615.968558
351.698446,68,2619.644136
445.910418,88,2624.130106
515.348697,96,2630.039578
481.650981,93,2634.706386
427.981436,90,2639.271262
497.124111,96,2645.055914
594.991539,115,2650.957147
464.991537,93,2656.744166
379.434084,81,2660.681734
522.613539,102,2665.772359
250.637603,54,2669.147184
533.060803,105,2674.624999
394.70175,80,2678.539846
398.130323,85,2683.608187
463.493649,89,2688.2228
391.000817,82,2692.383239
373.551797,83,2697.656146
383.220516,75,2701.621068
383.493547,77,2705.532212
341.086268,68,2709.346563
235.022404,48,2712.471866
349.115527,71,2715.786928
291.839277,63,2718.99649
460.892998,87,2723.978881
291.430489,60,2727.452481
389.570502,80,2731.519842
381.142744,82,2735.448213
397.75118,86,2740.536475
378.029327,76,2744.322206
256.78673,54,2747.014919
348.264842,69,2750.848026
357.460516,75,2755.257259
755.147568,148,2762.677028
321.161561,68,2767.154313
392.771648,87,2771.295886
339.587669,78,2775.177222
393.422405,73,2780.296676
298.541506,63,2783.537806
436.859988,92,2788.250553
655.597891,125,2795.251835
389.84709,85,2799.484727
449.025425,94,2804.174131
531.570845,100,2810.505374
536.593057,103,2815.814599
367.182231,81,2820.807621
500.002588,106,2826.271313
639.71051,122,2832.468354
593.964612,126,2839.798457
471.04794,93,2844.573132
535.890643,98,2850.40254
308.390734,69,2853.798014
478.455359,93,2858.669688
470.150942,96,2864.565235
306.243896,61,2867.590463
481.180578,91,2872.20591
476.457177,88,2877.656708
376.889195,78,2881.764402
420.47615,87,2886.073695
355.024887,69,2890.378801
310.346452,67,2893.71321
451.770393,88,2897.877145
334.108428,73,2901.797358
513.610664,100,2907.394616
374.884934,83,2911.531376
456.485396,90,2916.86014
412.113386,77,2921.003558
310.992881,70,2924.39855
404.323449,82,2928.474796
453.472304,93,2934.194477
491.315811,96,2939.06097
292.749135,56,2941.872049
578.977318,114,2948.653873
513.431046,95,2953.468442
401.551657,81,2958.569327
519.605878,99,2963.655123
304.52035,66,2967.136209
587.380481,118,2974.165162
420.46928,93,2978.775264
252.803382,55,2981.703677
489.307307,96,2987.676276
444.596731,84,2992.129443
392.341206,75,2995.979185
292.433177,64,2999.921056
568.408867,117,3005.990161
463.935718,86,3010.348564
869.379615,182,3020.554646
434.597337,87,3024.970032
291.453159,60,3028.896437
320.961971,72,3032.383549
351.757353,74,3036.167237
733.465442,142,3044.578258
384.70737,78,3048.626715
399.153643,88,3053.608284
350.914584,70,3057.774379
600.760352,116,3063.677089
338.563771,74,3067.956248
357.603504,70,3072.155389
465.286022,90,3076.904253
593.346721,113,3083.596857
397.649167,74,3087.24158
377.305264,72,3090.818339
376.64131,72,3095.105742
475.003084,90,3100.294848
419.471947,78,3104.30969
360.68613,73,3108.252159
372.419096,78,3112.88166
377.586619,70,3116.434866
449.541213,88,3120.867565
413.392414,78,3125.929691
367.574599,70,3129.42345
565.894341,108,3134.824356
441.688823,83,3140.276499
410.890011,78,3144.553927
345.958834,69,3148.274618
327.598788,63,3152.387186
510.992486,96,3157.167994
619.298676,119,3163.658862
340.229875,68,3168.067953
419.504219,76,3172.094172
342.098073,63,3175.355566
522.128679,105,3181.866786
498.190734,92,3186.58183
378.735597,81,3190.695884
339.541727,68,3195.143909
415.668903,75,3199.136391
369.89861,68,3202.721114
487.463608,95,3208.915092
290.692412,55,3211.836989
544.574061,110,3217.437203
621.908111,127,3224.986355
376.628713,71,3228.889665
308.169995,58,3231.805322
411.024319,90,3237.447551
506.927836,92,3242.05341
412.571058,80,3246.215594
456.756181,100,3252.205834
378.182178,69,3255.638166
465.247892,91,3260.664133
396.403579,75,3265.306625
344.693045,62,3268.442648
389.260746,74,3272.225257
329.583715,62,3276.236728
404.91815,74,3280.179907
493.56795,91,3284.760697
389.515112,79,3289.360061
316.204304,58,3292.626551
547.517929,101,3297.72102
557.380844,113,3304.635515
398.301455,73,3308.490104
524.539032,96,3313.125791
374.302682,68,3317.588675
382.898952,77,3321.661977
678.87778,130,3328.016372
338.639313,76,3334.481712
364.798214,67,3337.712319
427.803654,93,3342.435904
445.582101,83,3347.747171
404.150694,74,3351.536628
343.276964,64,3354.867435
350.822737,67,3358.95917
379.249366,68,3362.851949
496.598828,92,3367.407996
416.64742,77,3371.741419
412.960041,76,3376.146741
428.748,80,3380.083112
284.503657,57,3383.011808
434.501689,84,3388.219624
504.934251,102,3392.915452
385.55606,74,3396.29587
412.800821,75,3400.704067
332.424378,62,3404.199487
472.583136,96,3408.896716
477.262202,87,3413.936248
432.382316,79,3418.240253
361.064147,70,3421.768079
470.247876,97,3426.80892
511.678507,106,3432.868094
396.749336,73,3436.548613
398.684215,73,3440.75239
560.615709,105,3446.89959
363.156249,75,3450.603266
312.331724,58,3453.745307
479.958334,86,3459.214135
377.172095,71,3462.701735
301.19509,57,3465.584123
418.222453,84,3471.230447
338.156529,63,3474.514601
403.0129,76,3478.379395
296.714816,57,3481.254352
335.648371,63,3485.443941
490.389514,93,3490.046488
380.114072,70,3493.308126
366.508306,72,3497.610414
332.437595,74,3501.592546
388.082391,72,3505.063383
601.310845,115,3511.424307
592.241745,111,3517.058084
383.31295,75,3520.869395
420.370107,87,3526.11815
481.473111,92,3530.744099
392.497988,84,3535.149231
319.734259,68,3539.663826
512.495885,102,3544.879345
414.239518,81,3549.116633
433.196628,86,3554.573128
652.310734,127,3560.952123
460.857106,90,3566.387266
355.413283,81,3570.79121
456.479026,94,3575.290929
328.142774,75,3579.616612
460.47221,88,3584.272258
296.59368,56,3586.988846
468.719147,94,3592.04177
365.898283,69,3596.123264
370.632949,77,3600.045986
415.935614,79,3603.881871
377.408362,76,3608.492224
352.72481,76,3612.289585
346.169537,68,3615.741943
388.863184,71,3619.44663
476.996679,91,3624.649329
335.690768,67,3628.01574
309.533748,59,3630.666506
351.191281,67,3634.506855
364.155793,71,3638.40336
338.448176,69,3641.741197
391.220544,83,3645.901644
522.922396,104,3651.978751
376.78063,85,3655.863333
386.722351,77,3659.497583
437.323623,89,3664.959876
270.902964,58,3667.91222
377.345344,76,3671.604855
354.740043,76,3676.113306
282.731912,62,3679.439656
459.099744,95,3684.112191
335.254428,70,3687.873781
403.115635,79,3692.592223
462.146229,98,3697.47624
483.498752,89,3702.366371
336.050086,63,3706.124821
402.673097,80,3710.21595
389.553829,84,3714.608145
406.383584,86,3720.132756
503.503299,98,3725.066512
360.73626,69,3728.459673
329.324069,75,3733.078061
632.895445,122,3739.202172
420.535173,77,3743.191803
425.357805,78,3747.597071
472.392397,89,3751.87986
393.52355,88,3756.031679
762.811328,143,3763.952416
324.631527,62,3767.063801
417.17876,79,3771.59524
427.82713,79,3776.019802
442.221002,99,3780.938219
325.70881,63,3784.408292
590.988885,113,3790.766681
509.37601,96,3795.284568
722.702451,146,3803.657239
297.602677,57,3806.580046
478.479159,105,3812.256611
419.285084,93,3817.659917
593.306181,108,3822.98198
404.616051,77,3827.837702
432.20591,80,3831.921852
473.521571,88,3836.445794
369.529366,70,3840.770247
356.282359,77,3845.137466
349.431586,80,3849.2759
574.532938,117,3856.305055
456.382297,87,3860.394252
491.707675,109,3865.664651
557.343954,117,3873.168422
704.243724,136,3879.529062
459.774223,85,3884.604073
394.960005,89,3888.931623
631.186477,121,3895.37862
528.70608,101,3900.95323
427.939751,78,3904.759424
411.90083,75,3908.925797
485.56079,91,3914.061973
555.037573,102,3919.061396
614.741104,119,3925.82212
431.406337,81,3929.82101
437.765234,83,3934.009585
215.525063,49,3937.089693
430.646049,81,3941.551077
535.56468,99,3946.370307
306.855305,63,3949.854432
830.489936,178,3959.648541
495.332977,93,3965.274176
501.11021,93,3970.309461
544.484807,121,3976.101977
435.187544,81,3981.079429
431.895278,94,3985.722877
321.57748,70,3989.023765
393.657271,89,3994.183311
291.291887,60,3997.099073
381.27188,71,4000.317174
473.173446,105,4005.857545
234.822502,53,4008.859316
316.704908,70,4012.235824
470.992057,100,4016.670113
547.408367,114,4023.044516
304.672846,64,4026.179367
441.097613,92,4030.542187
321.834358,59,4034.420043
383.749914,74,4038.157802
534.363452,103,4043.319281
548.467581,111,4049.731799
515.55043,99,4054.409215
433.61181,83,4058.449368
705.556169,141,4066.317676
670.503322,127,4072.496924
629.704156,122,4079.281806
511.937818,97,4083.770291
520.281285,98,4089.439724
434.01506,84,4093.788101
370.216174,82,4097.661981
590.986972,112,4104.185438
492.701524,94,4108.519828
386.409251,85,4112.782695
484.536499,96,4118.522671
347.889674,67,4121.772287
364.785837,82,4125.854151
437.162362,83,4131.099677
391.673368,74,4134.714854
323.67864,59,4137.681798
395.11036,89,4142.631278
307.00859,59,4146.000728
429.729905,81,4149.887865
319.71991,60,4153.065681
386.426495,72,4157.787296
379.363262,79,4161.978869
402.894614,88,4166.464885
538.708264,100,4172.509535
426.334518,80,4176.333799
296.348139,56,4179.206104
473.228856,91,4184.795445
424.581326,78,4189.007401
681.342171,132,4196.023793
372.138584,83,4201.162433
244.831524,52,4203.851726
495.964119,111,4209.647261
656.030166,127,4217.419861
356.641963,67,4220.803376
556.478925,108,4227.257661
421.399402,76,4230.853996
491.956215,92,4235.301406
378.263107,71,4239.446805
656.663142,123,4246.040331
462.37479,85,4250.42082
433.704083,94,4256.061914
456.383318,84,4260.401359
393.070044,74,4264.136297
471.634612,87,4269.608508
597.270491,122,4275.46873
316.991251,71,4278.879056
569.380957,121,4285.7834
476.785797,89,4289.801842
365.0135,76,4294.249082
399.46655,89,4298.798573
362.80842,69,4302.430497
592.753699,112,4309.107598
360.54478,85,4313.502785
498.706507,94,4318.113785
456.296247,83,4322.966706
698.989185,130,4329.415053
492.256533,104,4335.046766
524.657151,97,4340.412551
352.529287,80,4344.076384
462.265468,86,4348.642048
435.886273,87,4353.485958
779.083387,149,4360.700594
345.569457,63,4364.770829
331.233467,62,4367.675446
274.021621,60,4370.652864
368.444798,78,4374.713674
332.937679,74,4379.266453
628.609048,117,4384.929945
581.670836,109,4390.940492
401.495863,76,4394.745967
652.505261,118,4400.029383
439.279471,80,4405.947354
405.321573,75,4409.777308
483.128012,93,4414.406572
438.044962,83,4419.746863
540.400062,102,4424.87097
489.589274,92,4429.575318
392.816212,73,4434.162359
441.652852,83,4438.229387
378.675113,80,4442.132943
301.677638,61,4445.846213
586.867038,105,4451.176906
682.148969,130,4458.106169
447.223391,90,4463.267269
344.234536,75,4466.83064
502.23037,94,4471.908333
281.274738,65,4475.635595
464.646466,87,4479.778573
251.272778,53,4482.129938
444.615019,90,4487.190658
299.75139,65,4490.602002
460.611328,85,4494.780054
349.9792,76,4498.569476
371.014505,81,4503.285752
353.268594,80,4507.214585
394.637067,84,4511.166424
500.873787,89,4516.553592
377.453596,83,4520.86461
587.807141,115,4527.119422
429.549299,79,4531.462454
348.109967,67,4534.914531
472.439471,100,4540.661242
622.330342,132,4547.846872
343.003905,75,4551.716669
419.349094,94,4557.349359
610.859562,114,4562.779219
402.252915,73,4566.196088
354.514584,80,4571.091384
646.856168,137,4577.729666
516.983785,94,4583.210879
540.692625,100,4588.533335
734.459496,160,4597.188607
565.394964,107,4602.749853
293.273263,58,4605.589745
852.158009,178,4615.221807
547.304323,101,4619.833466
391.034699,73,4623.919499
342.82753,63,4627.527591
771.630012,168,4636.32355
674.949011,126,4643.202503
403.343434,85,4647.498765
424.04631,78,4652.380826
498.680086,108,4657.938509
506.574623,95,4662.651431
528.954668,99,4668.662182
483.205209,87,4672.87757
419.95029,77,4676.356122
425.219381,77,4681.08192
487.064268,88,4685.487825
442.8501,79,4689.475369
398.005588,89,4694.84182
648.171996,120,4700.877714
404.724519,74,4704.557949
608.443547,115,4711.039418
491.895256,106,4716.148837
491.02255,89,4721.66396
526.402888,96,4726.471174
435.087763,79,4730.488864
712.702213,131,4737.857651
434.121068,95,4742.658449
410.205532,76,4747.078135
417.909165,78,4751.302532
424.17673,82,4755.389951
400.969938,78,4759.457013
512.385589,95,4764.988075
609.042607,124,4771.053656
608.966934,116,4777.79827
463.454496,85,4781.946425
371.260629,68,4785.008422
725.855245,138,4792.567253
507.25794,94,4797.196954
796.4064,162,4806.177895
297.91683,55,4808.961733
390.722103,86,4813.117951
436.925997,83,4818.176586
408.894053,79,4821.959743
522.613071,98,4826.854725
528.3439,99,4832.924628
467.416887,87,4836.9974
375.158401,73,4840.984196
265.442981,56,4844.985677
470.470046,91,4849.648785
385.320116,79,4854.045745
488.903285,94,4860.130929
513.504768,98,4865.395659
433.677986,88,4870.442096
492.644371,91,4876.068515
512.436838,98,4881.593399
483.929591,91,4887.482654
433.429229,81,4891.726674
706.518229,152,4900.110811
591.716906,108,4905.219243
499.58607,92,4909.887675
484.847378,93,4915.377386
502.080912,92,4919.93167
460.729261,86,4924.228301
533.958685,108,4930.387115
835.785885,160,4938.944099
289.483008,62,4942.550888
462.560513,86,4946.440271
532.811784,109,4951.655744
482.509213,86,4956.783836
464.746297,91,4961.396925
531.57903,101,4966.775429
480.121852,101,4972.350184
307.265257,61,4975.562688
378.145366,79,4979.737679
440.233345,81,4984.464107
481.930348,93,4989.225732
494.770499,96,4994.415643
544.218676,118,5000.400108
373.588332,68,5003.527838
371.322131,76,5007.598797
472.789655,86,5012.333352
510.486946,91,5016.423829
519.276628,106,5022.586282
365.730341,68,5025.98788
538.074463,101,5030.915674
429.902013,78,5035.276263
470.298758,102,5040.70393
477.819695,88,5044.981617
584.318108,127,5052.337311
367.28394,71,5055.86103
391.006797,76,5059.750378
441.421344,83,5064.71079
398.237158,78,5068.625952
443.860016,78,5072.542388
417.160801,92,5077.657917
409.086188,75,5081.654959
522.369873,97,5086.375908
409.875068,75,5090.738482
351.64465,69,5094.58418
404.898576,79,5098.58208
352.330782,65,5102.044206
375.225773,70,5106.724507
366.397321,66,5110.163804
482.912687,89,5114.390325
484.024519,88,5119.768841
538.292554,101,5124.932258
507.252102,96,5129.715268
341.822823,71,5134.265203
393.389482,73,5137.959304
540.888345,99,5142.908316
406.342722,74,5147.620146
464.745596,96,5152.563256
544.276018,106,5158.252628
377.601507,76,5162.570309
515.868906,95,5167.276309
465.543611,84,5171.713814
595.588818,118,5178.726829
316.802857,68,5182.151244
421.181588,90,5187.549033
668.746671,128,5194.196053
555.101197,122,5200.588118
739.818085,159,5208.782414
701.282037,142,5216.70448
419.948955,79,5220.565114
487.915718,92,5224.973351
602.747708,118,5231.923599
351.024886,74,5235.410753
618.780248,134,5243.034378
386.481422,70,5246.587685
527.40108,115,5252.343118
606.756725,126,5260.016356
359.138089,80,5263.977455
606.2826,130,5271.407873
527.657387,117,5277.155154
439.389917,78,5280.81528
579.577089,125,5287.895808
600.363894,122,5293.684088
369.425052,66,5297.719874
414.315483,78,5301.67779
670.558833,129,5307.955742
432.899082,82,5312.912755
386.855119,73,5316.528661
406.681192,75,5320.328911
500.835894,95,5326.063491
393.528232,81,5330.042149
544.871295,105,5334.994275
453.523592,94,5340.717918
720.643874,133,5347.133966
734.309123,139,5354.953532
483.056018,88,5359.534699
665.787837,118,5366.039298
