#{"t_start": 1711190465.679503, "env_id": "Humanoid-v4"}
r,l,t
151.716293,32,2.046367
116.542123,24,2.135392
76.823366,16,2.192628
87.114962,18,2.263642
98.238962,20,2.335448
98.711131,20,2.418576
98.687769,20,2.496551
86.125796,18,2.563003
182.555153,36,2.699236
76.571531,16,2.757825
131.837274,28,2.883576
81.455223,17,2.927587
113.589065,23,2.99297
86.441924,18,3.039897
136.767357,28,3.124015
129.559811,28,3.193494
81.117535,17,3.234483
87.975072,18,3.277413
81.557399,17,3.318294
117.349078,24,3.375143
81.534527,17,3.415846
92.293008,19,3.461623
82.012879,17,3.506427
87.599026,18,3.549713
81.313876,17,3.590179
86.157645,18,3.635104
102.724506,21,3.690709
94.032257,19,3.734778
86.107964,18,3.775767
81.223019,17,3.819011
92.81976,19,3.865358
76.548581,16,3.909392
99.617744,20,3.962924
81.391675,17,4.003432
81.296567,17,4.043294
104.279335,22,4.102097
133.073819,27,4.167488
87.464085,18,4.209576
81.195228,17,4.2486
106.162628,23,4.303693
81.323872,17,4.34443
81.561281,17,4.385408
98.467694,20,4.433872
87.26017,18,4.479606
82.283127,17,4.518902
76.5275,16,4.560172
126.169124,27,4.622331
120.300123,24,4.679068
76.693148,16,4.715508
106.284387,22,4.767317
81.969329,17,5.68273
96.251157,20,5.729494
141.524418,30,5.80115
144.999643,30,5.876287
86.317061,18,5.916121
88.215613,18,5.960923
91.888391,19,6.012635
149.950839,30,6.083631
81.094511,17,6.122156
157.971121,33,6.199526
99.631094,20,6.248744
93.390415,19,6.292115
91.775676,19,6.336285
240.941487,49,6.453313
153.633121,31,6.524936
142.969894,28,6.590719
82.963202,17,6.628492
165.565316,33,6.70474
110.718105,22,6.755706
98.418246,20,6.801953
132.847564,28,6.873532
117.189268,25,6.933105
86.399176,18,6.972768
125.682436,28,7.050358
101.747735,21,7.099345
81.457721,17,7.138837
86.436266,18,7.178131
76.760828,16,7.215184
106.366447,23,7.270096
128.867394,27,7.333865
81.236998,17,7.374094
81.292287,17,7.413723
92.489953,19,7.457863
103.04097,21,7.507293
141.288663,27,7.56965
114.81835,23,7.620459
136.312918,27,7.683762
100.181867,22,7.735254
81.44433,17,7.773842
190.924571,39,7.86811
72.075439,15,7.902536
92.602872,19,7.94554
81.903289,17,7.9919
86.343808,18,8.046132
126.449428,26,8.106719
136.29837,27,9.007945
81.396762,17,9.047757
93.978807,19,9.108633
97.433308,20,9.158194
76.682524,16,9.194333
102.139922,21,9.244129
81.325793,17,9.295442
127.708663,26,9.354905
203.960561,41,9.453796
135.431121,28,9.520699
129.525532,27,9.591178
155.780751,33,9.669828
189.563838,39,9.762893
81.427106,17,9.804036
81.422411,17,9.845817
80.991327,17,9.885343
214.237549,44,9.989792
87.441545,18,10.031994
108.506117,22,10.082901
76.4055,16,10.129104
123.024762,25,10.187974
168.288877,33,10.265279
159.650925,33,10.345016
138.484161,28,10.411437
107.736543,23,10.465459
154.181597,30,10.534934
87.914315,18,10.577268
282.17871,55,10.705109
86.13463,18,10.752516
120.03212,24,10.809822
123.318379,24,10.869034
111.265634,23,10.922238
89.737406,19,10.966278
243.64094,46,11.076821
124.801668,25,11.147483
87.167371,18,11.188452
168.145561,35,11.269961
130.636071,26,11.330548
141.424193,30,11.401937
92.76011,19,12.26564
98.962027,21,12.315783
223.408282,43,12.421341
87.735783,18,12.462104
182.785096,37,12.551518
84.143229,18,12.593823
130.068869,26,12.658397
103.42284,21,12.707786
171.480441,36,12.795239
116.179402,23,12.853416
99.079914,20,12.908323
81.857191,17,12.971139
325.98147,65,13.239287
162.098045,32,13.355231
96.756538,20,13.424935
164.475417,33,13.542361
225.277181,46,13.697232
211.464186,44,13.86432
86.857451,18,13.925031
171.660337,35,14.043529
128.134828,26,14.142366
86.98484,18,14.204486
92.482552,19,14.272529
134.389726,26,14.368208
96.209374,20,14.444722
245.206131,51,14.627039
196.859366,39,14.76235
81.135039,17,14.824363
175.951975,35,14.948689
115.117626,25,15.031742
126.154325,26,15.1163
86.946349,18,15.179862
136.457996,27,15.276178
128.491555,26,15.382325
76.508182,16,15.44524
97.828801,20,15.518499
81.4504,17,15.576506
170.900264,36,16.895209
118.203075,24,16.952596
143.271015,30,17.023796
148.84057,30,17.098763
71.813628,15,17.13551
331.637462,63,17.28418
139.375645,27,17.362818
163.38285,34,17.446866
180.165527,38,17.552991
110.609082,22,17.605312
87.366866,18,17.647101
169.773373,37,17.736079
140.027952,28,17.804415
190.841604,38,17.900049
232.402773,45,18.010074
169.067187,33,18.085677
97.741208,20,18.129669
195.579413,37,18.216671
124.326549,25,18.277046
136.050933,28,18.342009
86.763899,18,18.38473
81.154692,17,18.42602
108.343158,23,18.481712
85.011689,18,18.534083
226.426346,46,18.641823
216.44199,44,18.748674
86.423019,18,18.790181
158.006289,32,18.866904
216.285733,46,18.994308
202.944964,42,19.769827
252.297601,47,19.893137
120.034643,25,19.958857
81.837978,17,20.002744
157.389314,35,20.921746
145.699343,30,20.99504
215.331906,44,21.102466
211.470312,43,21.206162
210.813899,45,21.312314
265.815844,56,21.451874
164.78076,34,21.534512
266.280672,54,21.677168
235.916466,54,21.80976
244.617934,51,21.938607
95.404727,21,21.986789
364.674447,70,22.157779
231.181058,45,22.264289
251.791622,49,22.38542
262.279118,52,22.512071
158.314269,32,22.586222
125.350121,25,22.656765
185.973732,39,22.752325
292.229216,59,22.900146
299.213016,69,23.068941
137.527351,30,23.141191
134.861273,28,23.205605
81.461986,17,23.243855
172.207717,35,23.32592
164.040015,34,24.266817
194.852793,39,24.364564
213.964875,44,24.474284
199.373839,43,24.576081
188.201128,39,24.670144
96.714849,20,24.731546
205.890855,41,24.833796
131.562693,26,24.895023
196.611293,41,24.998873
168.916387,33,25.081072
145.2881,30,25.153291
201.581547,43,25.261719
269.591791,55,25.395663
284.932497,61,25.547892
336.538405,62,25.698365
94.958301,20,25.757778
237.640384,51,25.882857
82.551868,18,25.925784
209.303619,40,26.028224
204.916146,39,26.13557
252.311709,51,26.262893
222.456852,47,26.384946
247.214778,48,26.503039
97.536567,20,26.551866
213.811855,46,26.676256
172.41989,37,26.788748
203.679297,43,28.27053
260.956845,52,28.505516
239.138118,51,28.687645
155.543733,34,28.82478
213.790377,43,28.99102
181.10547,40,29.149995
142.237724,30,29.256576
272.53461,64,29.500329
308.490563,68,29.745069
230.923387,51,29.954244
87.115357,18,30.030174
256.518352,50,30.244088
170.524759,37,30.375546
209.105722,46,30.552815
195.359027,40,30.704176
260.869713,55,30.928344
212.266793,42,31.10019
90.922101,19,31.149953
305.664159,58,31.293801
324.499474,65,31.45707
99.497478,20,31.508312
201.228275,41,31.606874
128.841559,27,31.671741
137.988429,28,31.741405
251.310873,49,32.712891
307.215551,59,32.861154
143.057903,32,32.939343
242.237445,48,33.063904
295.843405,68,33.247432
298.025373,64,33.413107
76.473159,16,33.449977
318.738332,66,33.61185
326.971368,62,33.765054
324.749014,70,33.937014
396.063122,78,34.157422
399.920369,77,34.351929
239.029209,45,34.466889
207.799838,41,34.570568
307.015645,62,34.71856
209.252578,41,34.818818
147.650419,31,34.896396
395.870975,82,35.101622
335.439174,65,36.111049
254.762006,56,36.264993
265.764589,50,36.39103
209.373888,43,36.498598
321.546987,67,36.663275
246.260936,54,36.793992
307.961057,59,36.937117
204.326825,39,37.037454
283.141448,59,37.191029
88.926791,19,37.251317
131.209196,26,37.315011
478.334795,88,37.537175
181.13471,41,37.635814
203.320239,42,37.740398
490.880174,99,37.985778
205.956052,46,38.794759
353.241203,76,38.987364
574.731691,114,39.287086
273.890791,53,40.316249
261.457374,55,40.464016
88.136756,18,40.510898
465.676693,85,40.728435
127.291608,27,40.792449
251.945558,48,40.911532
339.494474,75,41.103403
275.73178,54,41.299287
131.596287,27,41.4061
295.300754,60,41.622925
165.3312,33,41.74442
355.305139,80,42.044055
406.629423,95,42.393175
110.988686,22,42.478631
281.586735,66,42.716904
234.796141,45,42.882418
299.470092,67,43.125646
186.658235,37,43.254744
354.731562,68,43.506354
251.206257,50,43.687736
261.830774,52,45.163719
212.167256,43,45.267479
343.283731,65,45.427707
294.745099,57,45.571697
445.20567,95,45.81209
240.670672,51,45.939828
280.188686,55,46.076873
231.933021,48,46.195822
300.17127,65,46.363153
365.566852,69,46.537402
220.317064,46,46.662246
218.010256,43,46.764517
161.017659,34,46.847153
364.36387,71,47.024277
316.503374,66,47.194926
306.67588,60,47.345315
331.773243,61,47.505615
209.25166,40,47.602504
531.169937,109,48.738158
304.26481,58,48.888789
543.843051,104,49.160023
394.613258,76,49.353178
279.81523,56,49.497278
249.515821,54,49.628638
132.484996,25,49.68784
204.989964,41,49.80108
427.854075,81,50.000996
304.72722,58,50.147183
264.187542,51,50.27827
357.370781,71,50.460796
527.848034,104,50.735211
249.031153,48,50.870886
388.379269,71,51.051827
296.657775,58,52.076427
460.530345,87,52.298249
237.3402,52,52.427137
472.741181,91,52.651728
349.406167,66,52.828004
393.57751,82,53.034034
474.913666,94,53.273609
296.93612,61,53.42154
438.061353,99,53.692842
372.876322,73,53.894137
215.247209,49,54.015826
271.146189,58,54.177111
191.692753,42,54.279438
348.898244,72,54.463319
234.62318,50,54.592043
356.483207,69,55.98283
319.85489,62,56.216332
353.386419,69,56.473745
771.63122,164,57.096782
378.399434,78,57.386534
389.438234,74,57.682092
392.898907,83,58.013207
276.215051,51,58.228678
275.232427,56,58.972242
302.869978,57,59.130015
153.024823,30,59.218347
424.55915,82,59.433118
265.123948,51,59.566311
257.661881,52,59.696599
196.913747,44,59.803404
160.56401,34,60.75209
341.421985,66,60.925499
187.32024,38,61.022223
251.447614,50,61.150846
351.955606,79,61.35936
430.830856,82,61.569347
426.169278,82,61.777071
404.283424,77,61.970398
325.47226,62,62.128476
297.609553,56,62.288604
384.700228,80,62.49236
158.054356,30,62.566235
327.071382,66,62.729914
313.118548,63,62.895283
328.065772,67,63.071992
86.719101,18,63.114439
222.250279,46,63.246432
295.641499,61,64.286546
356.942732,74,64.474786
475.127064,100,64.731192
242.803887,52,64.864311
220.238291,48,64.98384
371.667104,79,65.193873
278.203381,63,65.380189
492.181363,95,65.627003
370.630921,70,65.802591
330.482723,70,65.98397
307.886151,67,66.156487
328.509515,66,66.332789
505.321455,97,66.584215
238.865386,51,66.711524
482.159804,90,67.805204
328.558574,75,67.995869
380.665328,71,68.177548
205.136116,41,68.28068
453.251989,88,68.517581
364.116318,73,68.706243
349.405331,70,68.949897
236.290982,46,69.125436
359.720954,70,69.391252
287.973071,60,69.618886
199.900397,42,69.778997
262.690667,50,69.950879
375.771874,75,70.229814
393.005064,76,70.544505
310.32092,60,70.768057
320.116442,61,70.993544
295.562315,58,72.586586
392.960125,74,72.79813
345.91832,74,72.986147
227.290963,46,73.103975
503.555475,97,73.352637
386.635889,80,73.556457
380.476962,71,73.742261
401.134917,75,73.932033
357.873203,70,74.106637
413.283092,80,74.314009
265.338427,54,74.450176
249.403438,50,74.576162
351.085315,66,74.750952
198.094589,39,74.849319
196.845766,40,74.94738
390.313333,71,75.1281
397.595126,73,76.179565
291.956991,56,76.31876
247.887981,51,76.448772
305.011942,60,76.598587
406.470183,76,76.798287
283.719026,56,76.944713
380.479743,72,77.125807
421.323712,90,77.357838
303.14885,64,77.879369
325.675475,70,78.056793
283.197294,59,78.210772
565.027259,115,78.509294
379.424627,79,78.703236
329.786216,74,78.901693
315.739649,61,79.93586
324.543903,62,80.093116
272.580281,52,80.225875
304.651136,59,80.382392
371.546886,72,80.569626
293.693794,65,80.736717
463.114121,97,80.991511
358.127254,78,81.189624
371.036354,71,81.377764
325.438895,72,81.570592
375.471706,71,81.75194
391.911881,82,81.972804
274.850465,60,82.128883
390.311343,80,82.329504
451.260622,86,82.556078
318.186738,68,84.025808
291.220834,64,84.27289
274.096959,58,84.489444
475.600945,94,84.827893
423.915599,82,85.134689
299.710595,60,85.377496
389.893086,85,85.726335
461.711673,94,86.105606
369.350092,70,86.397054
307.825004,66,86.601518
405.729151,78,86.812466
341.390265,72,87.00347
394.679302,73,87.218622
374.911668,73,88.485926
308.321964,64,88.646999
317.325782,64,88.807469
459.766226,93,89.055517
141.991788,34,89.135246
345.720825,68,89.339346
282.383144,58,89.488086
293.225287,58,89.633134
396.134846,76,89.828839
427.450239,90,90.060862
250.799039,47,90.1822
354.321195,75,90.383998
337.342533,72,90.566351
372.30654,71,90.742907
383.319158,82,90.948598
412.278685,90,92.030107
294.451198,56,92.169427
379.894796,77,92.37396
400.035994,78,92.571893
411.183429,78,92.764515
335.857307,63,92.923539
374.040669,69,93.09096
347.872898,77,93.286631
389.809028,73,93.481714
351.121675,78,93.673584
292.784877,57,93.812102
444.455696,87,94.029193
299.493758,65,94.196963
273.823265,58,94.342727
371.964652,70,94.537143
296.365923,56,95.550456
324.48357,61,95.702926
387.97589,81,95.907759
406.833693,83,96.109491
449.063228,98,96.359204
410.338712,79,97.206929
360.761969,78,97.506914
215.665737,42,97.675427
283.846945,58,97.87928
376.063504,71,98.147076
377.23886,82,98.457749
229.473493,45,98.636936
521.493844,113,99.065642
276.317142,55,99.295362
531.597389,119,100.848203
344.715591,73,101.034692
248.212826,52,101.160929
425.81691,81,101.363099
445.090915,83,101.571756
393.515751,73,101.756747
473.723644,89,102.001586
225.580875,47,102.120436
418.266089,92,102.350916
261.940483,54,102.487639
369.82661,72,102.668327
318.784064,69,102.849913
446.395868,91,103.073366
331.577129,63,103.227081
320.432674,61,104.250084
256.255639,49,104.377849
548.236423,105,104.640539
297.284172,64,104.799927
228.400164,50,104.938119
827.768923,163,105.353184
221.542262,46,105.465487
262.274393,55,105.608386
341.253094,65,105.772281
282.286954,63,105.938029
348.304277,70,106.114169
412.835681,91,106.344042
311.776769,62,106.498823
294.007812,56,106.635834
510.049516,108,107.800739
376.237322,83,108.01664
434.555322,84,108.224725
407.129093,92,108.453593
294.544964,56,108.596641
354.386127,75,108.778863
234.285058,48,108.896081
405.833481,78,109.105434
374.337097,80,109.307131
290.599889,57,109.447363
312.591195,68,109.620006
387.106203,76,109.805515
254.794202,54,109.938974
566.08142,111,111.456666
471.554753,100,111.823618
373.501169,81,112.114053
318.304067,63,112.357785
341.873537,78,112.636586
437.535049,93,112.992889
327.462601,68,113.267566
283.737569,59,113.501045
658.896746,130,114.022481
338.38087,64,114.205734
316.605005,73,114.407403
317.308741,64,114.568431
333.888089,75,114.756978
539.09761,104,115.874072
212.941914,45,115.984523
481.667041,92,116.216868
255.793354,49,116.341507
323.674464,61,116.501102
426.471444,80,117.175121
517.37833,106,117.47438
231.36798,52,117.606848
355.453029,69,117.782765
369.71104,71,118.03955
284.676777,63,118.280071
294.442775,54,118.49975
287.755622,56,118.707085
297.182004,59,118.930016
302.483939,63,119.168341
330.942727,63,120.715749
326.028516,63,120.963595
424.960033,82,121.281065
351.78409,67,121.550599
425.69401,84,121.797425
393.216771,76,121.98785
349.760216,75,122.174811
309.043999,71,122.351553
464.46683,103,122.61448
315.795693,62,122.787007
443.201273,82,122.994178
345.958032,63,123.15155
501.248975,109,123.429043
414.354668,88,124.77743
347.523405,65,125.021941
411.437473,81,125.320148
750.235275,141,125.86562
399.83389,84,126.170629
432.185127,84,126.480933
393.423493,91,126.834402
277.757794,60,127.07891
377.827119,77,127.375637
386.203403,81,127.699383
349.962515,65,127.926147
394.31668,76,128.11553
397.482613,75,128.304147
525.612473,99,129.437288
358.315955,66,129.601597
338.671614,65,129.763008
404.33215,75,129.950166
297.301753,56,130.094688
335.803734,64,130.251556
361.441027,68,130.418264
308.639004,58,130.560255
340.096995,70,130.731899
586.311581,123,131.049124
168.315415,36,131.13852
463.187599,95,131.377337
519.666754,98,131.622096
405.05624,88,131.846982
401.539824,87,132.969404
381.113569,81,133.184071
393.398127,80,133.382953
401.664501,73,133.563785
399.968351,76,133.749046
498.536742,101,133.999636
501.300203,93,134.25251
362.412205,75,134.44089
480.352435,94,134.675041
467.197718,90,134.903751
306.267581,57,135.049769
349.147,68,135.228959
391.672853,73,136.282789
351.566475,66,136.447727
424.580024,83,136.662118
353.17915,69,137.300401
323.776403,65,137.475137
342.506625,64,137.63261
322.641139,70,137.811024
260.131733,53,138.015814
221.668071,44,138.170099
529.480266,100,138.545851
405.999492,81,138.854794
392.883954,76,139.126586
371.469387,77,139.453316
264.527193,53,139.645066
454.855769,88,139.968362
465.660658,98,141.669496
324.541352,61,141.816838
311.818359,72,141.994346
402.394451,75,142.179413
330.945349,67,142.343619
588.800334,119,142.654325
461.284205,86,142.874145
411.818433,76,143.072798
364.060309,72,143.251071
430.904569,81,143.459922
279.385371,60,143.624339
344.308532,67,143.789406
412.602734,78,143.995124
720.212059,146,145.248058
386.567809,73,145.432247
435.377185,97,145.689628
394.410189,80,145.888324
417.556022,79,146.090643
445.808892,84,146.306076
223.659506,44,146.412261
431.885557,81,146.639462
296.286797,57,146.777495
486.277754,92,147.014092
348.363476,67,147.184407
288.546361,55,147.331414
656.631828,133,148.781567
350.791549,65,148.94718
435.224662,82,149.147246
392.762936,74,149.351013
553.407727,108,149.635514
419.796363,78,149.839087
427.692587,83,150.040093
342.63314,65,150.204992
478.651098,92,150.431137
433.570067,82,150.638617
491.596492,91,150.881088
439.779287,83,151.088357
393.985046,75,151.270637
431.066668,93,152.759632
318.017731,63,153.00726
330.935654,65,153.258803
447.212432,98,153.618404
410.36869,76,153.895631
411.982852,77,154.202757
347.379274,65,154.473329
373.964906,80,154.779524
552.507802,104,155.203355
387.955369,73,155.443686
285.408596,55,155.581595
154.075628,32,155.655932
473.828545,98,155.899952
333.971183,64,156.934084
295.30317,57,157.543442
318.357865,61,157.69247
320.939724,69,157.867708
390.120961,75,158.056884
830.310066,170,158.509319
282.769156,56,158.645557
462.807828,89,158.869409
350.028032,66,159.033565
450.555036,96,159.2868
434.431333,86,159.517209
408.751295,77,159.707993
398.237233,74,159.89959
481.106714,96,161.029328
479.04918,92,161.273527
347.911679,75,161.463484
459.863829,86,161.67821
433.056419,87,161.894159
447.921617,83,162.104087
348.005328,64,162.273105
442.903308,83,162.478504
390.968696,76,162.66838
466.666182,100,162.920904
580.514282,108,163.191538
405.737195,87,163.430366
436.564274,85,164.564212
449.088904,84,164.775268
403.903821,77,164.968293
425.769531,79,165.173055
203.730837,42,165.275288
600.451219,124,165.745388
354.027431,77,166.035362
418.414702,80,166.347076
520.620515,111,166.756142
451.440286,94,167.120837
275.635618,59,167.344356
377.043716,72,167.628005
527.606152,101,169.314806
364.392783,70,169.498064
384.63888,72,169.697083
440.584829,82,169.906741
420.872015,79,170.107499
364.571306,70,170.288542
510.800098,99,170.54065
268.773276,62,170.707712
375.153279,72,170.896499
338.416171,64,171.058503
321.51707,60,171.205881
575.318715,112,171.493833
486.623457,91,171.733531
403.862352,77,172.818022
552.562558,108,173.099359
470.831239,87,173.316887
326.805349,62,173.474322
338.609736,63,173.632615
442.609167,82,173.846954
331.270833,71,174.046938
547.908548,107,174.322469
396.103677,85,174.540973
415.19683,78,174.753567
439.25687,80,174.957702
448.675606,82,175.163337
280.47921,53,175.63696
334.920642,62,176.705341
515.994397,102,176.980587
416.158755,85,177.20308
354.730418,67,177.371059
413.133731,81,177.575003
420.280769,81,177.776583
663.964526,125,178.104097
899.451069,199,178.607134
335.37789,62,178.763317
676.534437,131,179.101791
365.639246,68,179.362653
377.708491,71,180.932282
524.049704,100,181.304482
388.388512,70,181.559942
314.795641,71,181.834031
418.706269,78,182.150842
338.752662,64,182.399641
390.591854,74,182.703197
366.986359,69,182.935184
749.889108,144,183.308151
409.233371,90,183.545194
398.609694,74,183.726215
449.865349,97,183.970763
274.553875,52,185.029144
304.837927,57,185.184456
237.069147,52,185.313758
426.134473,83,185.52535
308.071807,60,185.674582
512.116267,111,185.945004
347.315856,76,186.147326
455.943526,85,186.361838
327.554053,61,186.51846
486.108691,92,186.74999
375.71308,81,186.949969
312.708154,59,187.096852
357.705182,68,187.279783
450.146365,90,187.503138
314.233368,60,188.5502
656.513661,132,188.880111
427.095365,79,189.081146
585.659379,114,189.394064
507.842816,95,189.643387
331.752128,73,189.831479
388.049401,80,190.033569
442.989269,87,190.275096
487.030351,100,190.528905
898.08402,193,191.01727
407.553242,84,192.13795
410.453115,77,192.350291
552.973825,117,192.651932
375.719996,72,192.829751
310.187397,60,193.047844
340.342628,63,193.29222
486.617059,91,193.649525
315.278234,61,193.884675
307.268414,59,194.095685
368.201956,70,194.372793
384.965844,71,194.657304
375.24392,83,195.591737
551.348979,105,196.005883
354.285281,67,197.298369
497.333636,95,197.553155
421.98383,79,197.76183
564.819728,112,198.045523
401.344428,76,198.243091
296.004101,58,198.38711
357.217666,66,198.553756
417.418709,79,198.760355
407.656583,78,198.95524
284.099191,59,199.100073
464.898657,99,199.351432
518.048409,99,199.614847
375.592152,76,199.829165
337.235227,62,200.884669
494.968854,97,201.125821
472.072825,91,201.355987
623.108209,129,201.679516
579.112546,109,201.959499
474.409252,88,202.180902
336.820415,65,202.345535
473.879726,90,202.575073
352.013,63,202.743227
403.625449,89,202.968764
486.768376,91,203.193045
430.355332,91,204.363254
404.219474,77,204.559359
468.499831,89,204.854546
404.300532,75,205.159829
322.317753,67,205.404161
413.090753,86,205.701149
294.946763,58,205.936327
344.254537,71,206.177789
360.989754,68,206.417635
450.153783,85,206.739338
345.80023,77,207.176236
458.938394,87,207.896862
767.495677,156,208.827589
415.206701,77,210.634991
475.582891,96,210.989296
404.682302,77,211.279767
481.339356,92,211.657199
356.547458,74,211.945224
394.024125,73,212.235044
598.180718,121,212.649892
392.007421,73,212.834099
323.262367,61,212.986566
347.055436,80,213.186638
501.107185,107,213.461615
324.099461,72,213.652056
344.026375,65,214.742718
302.094162,58,214.889233
520.250521,97,215.139841
503.340042,98,215.40152
427.444706,80,215.616525
413.270178,92,215.848831
801.81199,155,216.233807
370.272683,80,216.444321
425.388503,92,217.067755
324.567311,68,217.246135
318.151423,59,217.394636
407.75877,77,217.594834
446.803364,95,218.7422
497.9575,104,219.002243
348.075028,64,219.157081
241.915972,47,219.272599
362.383734,69,219.454275
474.042111,91,219.690962
592.719715,112,219.97929
332.33087,63,220.13659
535.977333,102,220.390749
447.133785,86,220.614535
359.364637,67,220.792999
321.418503,67,220.959628
432.973557,81,221.16844
364.088255,69,222.239854
483.202115,92,222.476891
302.582588,56,222.675751
262.36231,54,222.888303
300.451962,61,223.115344
396.887091,78,223.406651
406.178069,84,223.721494
316.138539,60,223.947319
315.926738,65,224.185652
452.801146,98,224.564517
443.775626,85,224.870419
516.847947,97,225.263526
339.51816,72,225.55449
379.887156,80,226.965381
577.904495,121,227.281453
328.726873,71,227.477434
356.037854,69,227.647206
544.82029,103,227.909976
538.790128,114,228.208144
399.953919,84,228.42301
396.740471,76,228.613581
202.925206,44,228.723134
343.570819,79,228.916846
341.644022,64,229.077011
534.807076,101,229.347337
565.153131,120,230.563011
348.321022,64,230.724419
343.729596,69,230.899125
420.757152,90,231.129363
721.382868,144,231.509211
451.803694,87,231.730891
404.758416,78,231.926183
682.391223,146,232.301512
456.098532,86,232.520344
537.512798,99,232.767533
377.608726,72,232.94647
546.49418,106,234.155139
353.437692,73,234.35472
505.129503,99,234.611947
292.967983,55,234.753724
374.717208,75,234.946025
302.494061,63,235.101265
396.64426,75,235.306002
438.470886,82,235.517559
294.680184,59,236.125902
454.514072,88,236.369164
322.804663,62,236.619585
410.284619,78,236.920304
704.604906,140,237.458801
248.18566,50,239.050201
465.162304,98,239.445231
385.927555,70,239.748112
604.398489,128,240.19431
418.986147,82,240.399268
402.805525,80,240.623815
444.81844,85,240.842396
589.167263,119,241.138756
405.038679,91,241.365575
364.454394,69,241.540762
358.506047,66,241.723377
305.74337,66,241.89178
292.370214,64,242.966633
336.802978,65,243.137981
401.530613,94,243.372871
472.309305,98,243.624462
501.173927,108,243.916317
318.992524,63,244.073622
315.90771,67,244.238526
397.460722,77,244.440573
482.613754,90,244.683263
442.646977,86,244.905132
426.403836,94,245.139812
587.308116,115,245.4337
406.936055,77,246.567422
546.820244,102,246.849066
272.144571,58,246.995829
476.285944,95,247.23405
372.474827,70,247.411984
397.094286,84,247.630242
319.594611,65,247.802614
406.789464,74,247.987033
722.428694,138,248.330362
361.244293,67,248.503118
345.758383,71,248.684078
316.093452,60,248.848056
418.348587,80,249.046629
289.458252,62,250.142835
478.742089,99,250.527917
488.889636,98,250.897462
538.878596,113,251.310779
505.922756,94,251.671715
530.261839,110,252.086819
457.527407,87,252.401182
355.088554,77,252.698679
380.9978,70,252.985319
459.632154,97,253.374927
329.209227,63,253.628369
413.12195,80,253.921911
353.561325,78,255.031427
570.288395,108,255.311885
475.282836,95,255.552698
348.57079,75,255.74144
374.555464,82,255.946942
429.473217,86,257.00041
633.013807,115,257.305867
1197.499378,249,257.940419
529.914275,113,258.235104
512.033734,101,259.40326
460.653321,91,259.638909
632.048959,134,259.99823
410.679031,80,260.198155
383.3985,72,260.395279
389.032994,86,260.612969
350.471772,77,260.819127
410.665889,80,261.023011
520.229487,97,261.277372
267.355344,56,261.418243
310.854797,59,261.566157
566.124627,111,261.852034
363.022026,74,262.950548
574.1229,118,263.248651
286.424665,56,263.399889
682.514643,129,263.724939
329.447086,64,263.910195
450.343187,94,264.282727
500.209553,92,264.668636
393.946572,83,264.983269
464.450801,87,265.322083
467.393799,91,265.690628
348.884019,68,265.944862
295.09311,58,266.152881
417.769868,82,267.847536
514.652766,97,268.096919
538.868511,99,268.353336
386.036695,77,268.552995
444.722101,87,268.780541
453.120459,87,269.004081
329.198483,72,269.182226
385.007724,74,269.374598
433.37706,80,269.577003
389.662777,72,269.77257
378.11813,70,269.953278
649.62813,127,270.277255
550.14962,103,271.458526
721.254523,136,271.828333
362.630105,79,272.030563
377.442006,70,272.213378
402.908009,76,272.410745
386.621962,73,272.598143
483.753748,104,272.87724
291.519202,66,273.044983
524.066152,101,273.304556
510.927098,110,273.589083
417.921213,84,273.822239
490.671684,96,275.019483
447.442315,86,275.233182
398.964499,76,275.430745
621.699946,126,275.748163
517.655472,108,276.520829
684.381239,133,276.883118
310.024481,67,277.052287
603.648902,117,277.347892
524.517742,115,277.640716
491.769045,104,278.016906
269.921589,58,279.545246
461.197946,91,279.890804
413.798906,78,280.186799
415.144451,77,280.508471
379.668884,72,280.799304
592.977701,113,281.266176
461.640698,92,281.575292
450.746163,85,281.789357
357.760924,71,281.972967
585.263707,111,282.274201
462.136426,87,282.494033
137.35723,27,282.560757
494.595479,102,283.748824
287.309213,55,283.887467
504.422856,99,284.138383
451.141397,82,284.365603
396.5579,75,284.553802
352.655645,70,284.732736
675.21912,146,285.110091
539.867862,110,285.39729
473.977968,93,285.62915
422.928508,86,285.844706
461.894817,99,286.098638
591.207163,113,287.328366
575.657124,116,287.637014
639.640035,124,287.951855
378.570235,72,288.136823
560.205693,106,288.425811
680.632621,131,288.759245
396.675114,75,288.951248
535.356273,115,289.243473
363.33811,74,289.443713
309.847469,64,289.601545
556.769528,106,289.863436
416.795625,79,290.996312
479.065415,90,291.220594
394.380185,81,291.444251
450.133283,87,291.769173
408.759629,74,292.053333
386.568397,86,292.389316
375.590277,80,292.698401
429.825142,93,293.051064
505.973695,95,293.402351
500.003544,93,293.739965
308.220093,60,293.962912
403.631034,75,294.281688
544.681142,103,295.824799
406.643043,76,296.020603
508.132341,93,296.259347
436.733284,95,297.022033
451.669931,97,297.277638
391.209307,73,297.454381
479.826107,90,297.694465
391.127011,76,297.88572
354.227513,68,298.061228
385.819115,82,298.273484
464.867029,90,298.503488
384.929148,72,298.694403
340.432545,75,299.809734
407.268223,78,300.012982
658.239547,129,300.341108
323.573329,68,300.513691
365.753902,67,300.682965
607.847001,120,301.003273
348.518401,79,301.210889
371.819825,69,301.382262
656.186308,129,301.71122
479.717007,87,301.951538
339.849607,66,302.120455
430.84014,84,302.331706
465.789473,86,303.470511
660.210968,123,303.776308
367.588197,70,303.979135
488.221809,89,304.203817
477.728395,91,304.441948
360.897489,79,304.643092
364.708677,68,304.81392
303.78531,66,304.993256
488.803799,104,305.281836
431.152328,81,305.598351
440.816267,89,305.931839
331.423825,69,306.19003
398.798826,85,307.848181
475.778802,99,308.273812
287.429691,55,308.498939
430.278562,81,308.855029
678.226282,140,309.487386
327.167989,72,309.751992
542.592347,112,310.175124
353.348639,72,310.453521
356.489698,74,310.735957
348.258411,64,310.973789
437.967022,84,311.306447
543.832993,110,311.757057
381.460021,72,313.204639
435.332367,81,313.419881
468.301422,89,313.641649
602.721101,118,313.938441
508.158984,96,314.183754
443.15291,94,314.43487
471.713524,91,314.669178
624.307545,136,315.020444
569.546333,119,315.322034
472.939579,104,315.601624
586.342606,124,316.830217
401.489565,85,317.681237
415.763352,80,317.880348
612.998383,111,318.17565
381.816705,71,318.371809
329.803241,63,318.537913
347.160115,67,318.714817
532.642294,112,318.997414
421.341057,80,319.204607
404.98097,78,319.490969
556.353502,102,319.885352
329.843867,69,320.145704
408.278778,76,321.750905
565.154652,109,322.205602
357.972096,67,322.471877
386.693449,73,322.771644
747.105112,140,323.218236
570.319369,108,323.498803
362.412699,72,323.680146
517.94096,100,323.946303
465.772509,98,324.199886
533.582339,101,324.487512
580.963842,126,325.760297
409.342436,89,325.996536
521.651817,111,326.284462
609.81145,120,326.593444
428.390807,78,326.790391
438.014762,84,327.017356
603.216794,116,327.310559
415.711567,80,327.517537
555.301914,104,327.786973
543.849223,104,328.073487
473.361607,89,328.301459
474.741476,93,329.489208
566.024126,107,329.763118
459.00948,87,330.004057
322.891327,61,330.157423
363.062556,68,330.331928
531.318084,107,330.714491
597.131566,109,331.080324
455.158279,90,331.312383
603.507822,115,331.603959
524.865486,106,331.879842
458.411077,85,332.103289
414.060945,79,333.374857
653.665931,129,333.865052
344.004591,66,334.116932
396.387376,73,334.40833
383.104949,84,334.730164
488.779288,90,335.06813
445.735249,89,335.44255
441.775483,83,335.764591
534.727969,117,336.249248
695.999483,129,336.789044
430.492024,89,337.033964
329.791997,66,338.759416
370.234169,69,338.938302
434.068976,80,339.159136
1037.702834,204,339.709913
459.539491,86,339.931351
420.721991,83,340.141495
667.877355,132,340.502969
496.534388,104,340.766251
409.508807,83,340.979772
419.672769,87,341.199552
545.179533,102,342.408386
409.918795,78,342.623818
637.177929,120,342.931508
463.62941,86,343.157808
426.006425,95,343.403974
782.614894,150,343.794456
589.393124,120,344.10108
375.861032,82,344.310825
517.920539,99,344.5873
362.085933,82,344.799634
475.409582,90,345.970255
446.869032,85,346.201791
413.158553,77,346.406348
552.365166,106,346.693826
445.097179,91,347.000973
479.326897,98,347.407857
468.356702,86,347.756561
366.557898,82,348.077848
489.073136,105,348.538911
398.401081,78,348.97038
437.296486,85,349.289675
496.503927,105,349.73973
657.274693,145,351.405317
471.839173,98,351.66044
408.785352,81,351.870237
512.078457,95,352.133177
381.726043,70,352.310558
450.457516,84,352.527567
640.615662,128,352.847465
603.497681,112,353.146297
399.892286,75,353.341629
407.518284,76,353.540943
554.724244,105,354.839235
299.174358,69,355.029238
369.800519,82,355.237999
484.918252,94,355.483356
719.01635,135,356.019608
313.750324,69,356.361027
452.572126,83,356.631562
320.349606,65,356.791532
619.131155,130,357.138909
287.791105,63,357.300295
479.463993,88,358.174495
465.118168,88,358.408901
485.415491,89,359.583542
363.831378,68,359.750971
757.325159,154,360.155965
490.195327,92,360.412858
651.539841,124,360.895643
486.674374,93,361.28433
390.304485,85,361.734155
382.498654,82,362.227101
431.454437,81,362.549912
656.605871,130,363.049741
610.173345,114,364.896791
531.327313,103,365.166792
512.602862,110,365.466019
627.473648,120,365.772022
522.19754,94,366.008369
425.355712,79,366.213587
454.02173,84,366.429812
756.933418,145,366.818969
729.67993,139,367.175211
412.964207,77,367.369644
336.802933,71,368.484322
437.890556,93,368.735161
430.746023,91,368.964853
741.529456,161,369.38619
339.604031,66,369.572517
473.451906,88,369.799241
438.797924,83,370.010317
396.446805,74,370.205304
459.431986,85,370.434388
251.402336,55,370.578755
423.002867,80,370.793362
466.108926,87,371.944028
457.33405,84,372.157294
447.530673,96,372.403589
514.463973,105,372.679348
495.63889,105,372.941052
450.604139,89,373.165028
477.621339,87,373.384481
410.296918,90,373.610741
516.465003,97,373.862834
360.819472,67,374.027546
481.330201,103,374.2935
531.821863,108,375.879548
727.273709,138,376.400583
541.311501,103,376.800956
461.28025,94,377.16682
806.169625,170,377.885314
551.845873,101,378.321606
420.532577,84,378.629467
493.769072,90,379.446267
354.570975,67,379.618815
559.675791,105,379.889775
365.375581,67,381.072385
435.202081,81,381.280226
616.923861,117,381.584045
347.718347,74,381.782341
421.839396,78,381.983846
754.152553,148,382.426826
478.284277,91,382.656884
612.309338,112,382.942862
485.669129,94,383.197742
386.126627,70,383.387746
462.005419,86,383.661421
475.991664,88,384.873853
395.361856,71,385.082684
489.889401,95,385.339297
554.811458,102,385.607376
728.380844,148,386.040125
404.378998,75,386.334919
457.370969,95,386.583628
469.162001,99,386.898149
511.626932,100,387.162716
503.98891,100,387.437695
315.81655,64,387.600431
576.840208,107,389.007203
617.806605,116,389.481496
555.10765,106,389.899927
477.058641,85,390.236774
593.649545,112,390.740436
399.788175,77,391.023638
542.258025,115,391.440862
719.272401,136,391.995779
453.427499,84,392.328808
457.868186,85,392.677589
411.532343,83,393.932228
511.399801,92,394.165885
673.086247,129,394.515268
456.145172,88,394.757007
506.547057,108,395.026186
748.616741,158,395.42856
457.936598,91,395.666578
453.060973,95,395.918811
472.037704,102,396.175305
474.627712,90,396.409345
394.384409,79,397.545847
543.415483,106,397.821758
607.892888,115,398.10957
444.078413,80,398.310766
598.913436,115,398.604071
288.857206,59,398.760181
482.681628,90,398.991943
542.812173,110,399.93429
347.781307,67,400.106679
541.59539,118,400.408261
651.536011,119,400.713886
350.545785,77,401.865592
359.115791,72,402.049173
417.782415,80,402.254943
312.830697,68,402.433685
536.582315,105,402.6955
436.999356,78,402.905104
592.559001,111,403.308905
481.323108,91,403.648403
463.092873,87,403.987101
503.828958,91,404.320128
382.836115,71,404.59649
428.308266,81,404.89661
473.304007,102,406.728916
395.953051,91,406.961841
352.54222,76,407.167121
392.749875,72,407.362231
537.792382,113,407.652803
692.214997,145,408.034566
382.098581,71,408.226006
333.843984,74,408.420214
367.487819,77,408.62064
387.936895,71,408.800994
593.866048,127,409.130727
521.150523,97,410.366649
551.186764,112,410.657097
488.64237,90,410.888304
352.216386,64,411.045745
431.780477,80,411.257973
539.216912,98,411.521774
634.268682,125,411.835895
488.630882,91,412.06846
588.096665,108,412.355346
454.540236,93,412.590168
584.036649,119,413.84706
103.609923,21,413.903008
462.31684,84,414.113936
664.428858,130,414.473626
436.510414,77,414.681336
444.893227,82,414.886463
555.711308,120,415.191413
694.950261,148,415.583145
319.506633,71,415.764858
466.23007,99,416.027367
427.660486,78,416.231117
440.139398,93,417.769703
425.743152,91,418.106743
577.82798,120,418.575115
515.842462,94,418.926773
443.054114,82,419.234349
391.619854,72,419.533208
617.329997,119,420.677499
434.448082,78,420.881798
337.265943,62,421.04591
493.212721,101,421.306957
352.194793,65,421.482536
406.895356,75,421.685187
348.292047,65,422.829253
359.809874,80,423.037962
458.396147,96,423.287562
457.629787,99,423.544571
450.699791,92,423.793367
507.503987,91,424.03575
448.828013,83,424.250809
641.111233,121,424.568282
620.907373,127,424.911021
607.334782,113,425.205045
454.223468,99,425.458184
611.80277,112,426.708261
534.418433,98,426.971278
586.234552,109,427.254284
392.951389,82,427.462369
378.084156,73,427.65044
591.907778,121,427.969987
458.570727,84,428.189039
398.452751,72,428.37433
434.907385,81,428.577776
472.90538,93,428.810717
399.443045,74,429.008302
561.123889,103,430.215183
389.005928,73,430.409555
511.711563,105,430.768539
541.981831,100,431.167766
396.368973,75,431.446331
418.827364,91,431.795518
434.825323,81,432.109452
388.66406,82,432.422554
587.766757,112,432.83884
407.007689,73,433.128282
467.334912,85,433.474898
857.32822,179,435.211144
479.51612,90,435.445137
468.698496,86,435.662947
352.331304,74,435.849519
506.079877,111,436.130474
441.105348,93,436.375862
440.76188,81,436.59021
407.238211,76,436.778518
537.93957,110,437.067933
407.660379,74,437.270624
433.771088,90,437.506178
585.247356,109,438.73593
498.713052,94,438.974521
428.506044,80,439.180755
573.892292,104,439.463084
459.733942,85,439.682594
467.058052,95,440.741276
554.983863,104,441.005267
416.837051,89,441.232259
445.578461,85,441.463508
376.053844,73,441.649149
430.261437,89,441.872388
676.332538,125,443.151122
530.63129,100,443.41508
445.341786,83,443.625177
556.356475,117,443.916035
604.542903,115,444.209085
692.601129,144,444.723941
316.375422,59,444.95092
405.798131,87,445.280404
334.389314,67,445.553704
479.623494,104,445.931478
389.355792,72,446.209197
355.401972,67,447.904789
581.581868,127,448.334172
478.863504,99,448.602607
852.638056,173,449.07173
676.682488,129,449.417641
488.30698,91,449.667158
461.767224,86,449.96036
632.647606,120,450.411612
469.884811,98,450.673975
665.134757,127,451.970911
399.057291,85,452.189103
337.106667,73,452.383943
387.801298,79,452.590348
381.377433,79,452.797016
296.513873,53,452.942981
643.461699,118,453.250638
418.004365,78,453.452921
624.639859,119,453.751941
523.669283,98,454.013631
562.793948,103,454.278042
430.367313,79,455.473584
305.768743,59,455.624553
571.107915,123,455.949517
456.19963,99,456.201687
389.26029,72,456.395805
417.10152,87,456.621496
362.654845,66,456.789521
491.028575,96,457.043341
340.541757,75,457.231296
813.784976,157,457.632139
468.060358,89,457.859868
295.961066,66,458.039247
324.979097,66,459.58975
364.084457,82,459.896172
527.922865,98,460.277377
602.732384,112,461.690519
368.406439,68,461.966422
363.757366,78,462.182316
516.449327,112,462.473018
398.364963,87,462.691416
380.595603,70,462.868252
578.529155,107,463.147049
410.390594,89,463.384674
409.280715,84,464.560587
478.69891,102,464.822886
437.146147,90,465.04886
551.048891,100,465.319467
1143.352491,235,465.907815
506.936281,93,466.137296
449.524693,83,466.35391
574.384212,105,466.622737
457.745665,85,466.83791
374.489523,69,467.011905
868.093572,163,468.416617
853.251183,180,468.872016
570.216712,107,469.142734
573.404708,108,469.425482
404.548229,87,469.654313
338.556691,73,469.840972
559.284056,110,470.120103
640.499457,122,470.453785
783.488684,161,471.816702
538.391767,101,472.138874
564.950293,106,472.554608
468.159077,97,472.910549
414.928814,89,473.243325
427.939179,80,473.579165
344.251014,64,473.814046
441.416474,83,474.117918
396.186701,85,474.431902
689.45874,134,474.993594
304.105549,65,475.246583
385.632153,84,476.610039
392.249527,72,476.795847
436.999891,94,477.030281
551.058043,112,477.313429
393.326924,75,477.508116
577.984382,117,477.819557
300.367589,66,477.983182
435.811534,97,478.225184
411.603046,90,478.45172
469.712047,87,478.67446
510.288253,106,478.949871
395.108044,74,479.13512
378.520906,81,480.308881
735.569492,149,481.524558
670.514445,140,481.898012
532.816745,100,482.148585
409.2778,74,482.335652
472.540117,93,482.568476
393.737469,87,482.784154
533.741597,109,483.070125
423.738854,91,483.304122
516.364945,110,483.586013
526.143338,99,484.803691
672.278951,127,485.141641
443.512636,90,485.376106
661.268363,115,485.671634
459.418568,85,485.917982
365.188674,74,486.217498
498.144428,92,486.570461
421.355034,85,486.875024
481.154182,100,487.24506
409.312298,89,487.582963
410.933517,91,489.361619
339.74283,70,489.659412
451.473039,86,489.875622
578.221827,113,490.163103
470.96657,99,490.432945
507.822818,105,490.716649
396.604863,74,490.901436
594.17486,110,491.179026
348.723128,67,491.360357
721.953939,137,491.711792
555.692096,115,492.005366
432.32236,80,493.161719
291.752433,54,493.300739
397.027123,85,493.522597
679.501766,139,493.871263
367.539793,80,494.072865
373.638341,82,494.280928
481.842416,89,494.527008
562.410849,106,494.801625
498.002908,94,495.04152
541.166524,113,495.326506
496.431918,93,495.584182
530.207528,111,496.812214
436.380185,92,497.052583
525.096229,114,497.349859
493.724365,106,497.649229
362.208141,82,497.857613
497.541437,101,498.22458
470.736593,87,498.572925
389.433014,72,498.838148
587.608673,113,499.259554
329.702334,73,499.541937
452.711985,86,499.895633
430.781734,94,501.896882
337.445834,73,503.656232
455.233148,85,503.996986
432.166259,79,504.330001
889.763418,175,505.074815
493.703647,101,505.362172
377.188638,71,505.54716
581.271787,115,505.841491
573.122943,114,506.136148
441.947527,93,506.365262
665.340275,128,507.643273
503.708175,91,507.875452
688.46638,131,508.229408
300.023269,57,508.37279
628.455322,128,508.703803
373.79006,77,508.908248
436.589174,82,509.130877
552.569338,106,509.413248
601.937713,113,509.723602
344.966845,68,509.898454
505.669056,106,510.185276
554.680414,102,511.639051
445.157725,85,511.866419
425.729498,78,512.075934
394.800367,83,512.314981
335.289169,75,512.507573
630.879922,120,512.80806
545.61791,110,513.097119
670.627213,122,513.431614
383.813583,70,513.609943
462.944471,101,513.867719
798.678695,165,515.350555
666.876399,123,515.832418
570.582073,122,516.290236
705.783142,133,516.804938
563.973942,104,517.193622
349.185091,70,517.456017
330.101589,59,517.673918
569.487748,101,518.081214
578.500224,105,518.522748
408.735118,76,518.827471
445.215901,86,520.086899
320.173374,74,520.273919
473.702813,90,520.516084
372.336096,71,520.691916
395.033216,73,520.882866
455.949083,86,521.108753
489.130226,94,521.344055
496.431859,90,521.584365
432.797175,80,521.787909
447.60357,85,522.003375
426.049648,81,522.209875
527.793801,99,522.457552
641.597028,118,524.392903
389.96198,71,524.576713
552.627912,102,524.851683
451.926826,96,525.103552
392.075874,73,525.285727
421.021438,77,525.487153
532.46649,112,525.79454
441.998675,100,526.045835
474.311067,88,526.27181
487.587108,88,526.49687
534.726753,99,526.767804
454.602868,84,528.004354
367.140054,81,528.213249
619.492035,122,528.520357
408.518224,86,528.729501
419.90514,77,528.947784
431.275453,81,529.265844
415.114723,85,529.590963
445.850052,84,529.908826
857.122834,166,530.540679
326.474096,69,530.804272
497.847317,112,531.233962
477.300592,91,532.99595
421.459684,90,533.226876
626.43574,132,533.559319
472.813231,90,533.792758
347.504762,64,533.958498
541.143059,110,534.244606
542.091239,102,534.512733
594.898047,129,534.862026
651.664398,123,535.206379
349.214788,75,535.405334
412.704699,84,536.610121
417.113283,88,536.840467
446.081412,95,537.09377
778.57171,146,537.472761
379.03407,69,537.650244
492.857087,95,537.898331
452.880196,96,538.148051
399.18708,73,538.340058
577.243867,108,538.619744
468.308889,88,538.850309
637.611262,121,539.168478
552.931869,103,540.406701
420.597729,76,540.597456
369.183874,68,540.768754
404.808004,75,540.966853
569.549629,127,541.302516
431.091511,91,541.539127
506.686591,95,541.780486
531.185596,110,542.063837
716.123737,148,543.636515
484.4821,88,543.967612
389.521221,73,545.679823
509.307679,97,546.074648
644.054482,120,546.580274
412.04698,76,546.776076
623.787511,116,547.083097
629.794281,116,547.380959
559.510174,104,547.662506
392.31617,73,547.852149
576.817132,120,548.161302
425.308737,83,548.369008
481.175038,90,548.614926
488.568488,92,549.842229
521.633762,113,550.132818
600.47116,109,550.406845
306.840903,65,550.600796
1055.753409,200,551.115462
399.401664,84,551.329641
386.594389,73,551.515229
442.418718,93,551.765229
434.416185,86,551.986925
400.48387,76,552.180545
618.029084,114,553.436591
381.094077,80,553.634411
394.892032,77,553.835977
540.962029,103,554.095286
518.040466,103,554.359886
505.394896,108,554.63685
558.721263,121,554.965921
396.084639,81,555.169136
542.206915,102,555.42803
432.6864,91,555.660346
614.158969,116,557.139336
559.617832,105,557.538448
539.658523,100,557.915633
621.667848,119,558.364598
386.575576,72,558.634245
654.968286,135,559.138195
378.699155,85,559.490513
463.502823,96,559.874578
563.717407,121,560.386154
477.008923,92,560.633274
442.319759,95,561.879182
499.382998,93,562.13361
509.569234,95,562.37615
502.924072,91,562.610547
345.333768,73,562.799354
280.282748,61,562.956149
466.784543,85,563.188052
501.838254,92,563.424116
506.183078,93,563.662201
452.323024,84,564.563678
426.950548,79,564.777226
711.159198,139,565.166984
313.129607,63,566.31851
384.562018,83,566.529659
349.259381,73,566.710791
486.794829,93,566.949813
393.447139,83,567.164964
429.029782,78,567.377418
602.593728,112,567.667428
941.505924,186,568.149474
550.480991,105,568.428685
629.156416,118,568.732718
559.489053,120,570.082097
357.026757,68,570.258523
629.467238,133,570.855939
497.932424,93,571.238342
392.0527,75,571.532374
481.205832,87,571.867541
595.975396,111,572.284942
472.264267,88,572.644691
389.570333,74,572.927435
405.577071,88,573.256314
602.68122,126,573.772288
519.158561,110,575.353884
432.167396,92,575.592019
678.891577,128,575.935393
441.842064,81,576.14247
508.712342,96,576.390973
575.524411,116,576.697982
436.834546,79,576.910183
596.163521,126,577.231793
406.731622,92,577.467311
441.086074,83,577.671973
417.681306,79,578.840745
406.738101,90,579.064681
578.582303,108,579.338116
401.522168,75,579.528502
448.492176,82,579.738233
433.625297,80,579.95214
625.777277,117,580.25179
525.685465,114,580.542456
355.154962,72,580.726464
475.272925,100,580.993803
607.697255,122,581.309394
431.727573,92,582.488525
531.115442,113,582.765795
798.765458,154,583.168724
562.595149,112,583.456566
522.044901,101,583.714992
591.213959,112,584.836976
428.20754,80,585.171719
528.048759,101,585.560825
533.973897,99,585.921636
651.293165,121,587.84721
654.137399,134,588.40933
513.973577,94,588.691035
645.103983,123,589.003873
496.970142,90,589.24842
638.309821,134,589.590115
363.054069,67,589.763618
432.914094,81,589.977927
357.176065,66,590.146702
373.358097,71,590.341786
438.476973,84,590.561251
819.110226,170,592.003229
698.369703,130,592.34435
401.864317,83,592.55709
328.728381,68,592.728703
406.964602,86,592.9419
480.138132,93,593.182602
628.555043,120,593.499166
501.483707,94,593.733573
424.356001,80,593.934019
371.696066,78,594.127085
408.386674,92,595.378014
564.757677,119,595.702171
434.40457,97,595.947551
555.40465,119,596.255227
351.033925,72,596.45344
475.793097,93,596.693971
416.317023,78,596.886513
357.710985,78,597.085378
395.627824,86,597.314276
749.055786,158,597.73135
359.548352,73,597.916857
451.924597,83,599.396784
450.21639,97,599.784908
439.590137,82,600.094688
921.696037,173,600.765276
588.926649,111,601.189626
483.661694,89,601.554397
594.81999,114,602.030592
460.625055,87,602.345096
558.007469,105,602.613265
627.079151,135,603.956567
678.747198,123,604.276161
488.595631,94,604.522314
367.192214,68,604.697988
634.94438,136,605.05405
600.209199,126,606.142194
549.915322,105,606.420926
479.643659,91,606.654768
622.143839,114,606.956146
471.523793,86,607.17475
477.364571,105,608.417829
777.301742,165,608.831403
412.394941,75,609.031836
356.041048,77,609.223064
455.858382,85,609.441169
528.091367,97,609.6887
484.242569,90,609.917362
443.007802,81,610.135281
370.931694,71,610.315075
381.650885,73,610.507312
335.449132,64,610.665905
423.444508,78,610.863759
552.506374,101,612.107167
424.310477,91,612.368536
511.741308,95,612.738112
691.632782,133,613.245991
570.817054,104,613.638096
409.884488,91,613.974481
496.401453,93,614.339168
396.174159,82,614.661894
341.241321,75,614.947482
479.050196,89,615.314414
666.349587,124,616.932952
462.665771,85,617.159978
402.978074,75,617.365186
354.536393,66,617.540357
571.377109,110,617.826115
364.303662,81,618.028393
486.319059,91,618.25928
407.784866,89,618.506046
422.545796,91,618.732747
365.671305,68,618.908125
572.502261,108,619.190303
495.028968,107,619.485739
526.932589,99,620.73654
434.664587,96,620.978415
478.700314,90,621.208421
561.087385,102,621.482118
322.581128,71,621.667135
591.393621,113,621.954128
715.529669,152,622.346813
662.636498,126,622.676579
503.192116,91,622.90442
326.415202,75,623.091359
550.959125,100,624.333209
594.413788,110,624.630691
476.74206,90,624.869391
478.34618,94,625.863558
684.730385,126,626.21968
496.589768,89,626.578239
379.610113,84,626.898018
498.856396,91,627.242919
555.882536,105,627.645067
502.984417,95,628.014908
489.052559,105,629.965526
396.532143,85,630.187996
504.663728,97,630.446916
408.399813,88,630.693009
585.082387,113,630.985597
421.471175,79,631.199125
883.977096,191,631.845309
349.824394,67,632.077282
390.883939,73,632.268146
421.269598,78,632.468998
381.27727,70,632.648387
406.707791,74,633.840246
316.254442,59,634.010952
451.816416,85,634.232111
505.180275,96,634.483021
411.638228,77,634.682206
397.556401,75,634.873446
348.950364,65,635.045537
603.525733,115,635.343877
505.868118,109,635.63476
522.552611,98,635.896341
584.715021,111,636.186393
510.768926,108,637.452749
415.323979,76,637.65853
424.770116,84,637.873753
388.31448,84,638.09816
428.213514,78,638.300437
324.12884,71,638.49156
476.704595,87,638.717423
542.404326,117,639.016699
647.737471,120,639.344211
504.598971,94,639.588281
433.624771,94,639.836815
360.354079,68,640.032589
620.590221,114,641.958875
632.200093,134,642.476174
483.035838,90,642.847388
482.954886,94,643.221428
441.015542,82,643.579358
506.73347,92,643.858198
429.518682,79,644.052277
568.127977,101,644.304977
533.677947,105,644.584129
512.239982,97,644.839833
738.628396,135,646.141202
458.908487,83,646.357121
464.769955,84,646.590201
522.940834,96,647.467835
330.396975,62,647.646088
616.831122,116,647.954121
464.622307,86,648.179603
635.622711,130,648.519289
380.005033,78,648.744089
422.035406,78,648.946756
535.161147,119,649.255877
422.650968,77,650.450272
346.226884,65,650.624445
584.665807,110,650.910723
369.470781,82,651.122007
546.286751,102,651.386238
640.548281,120,651.706172
425.414511,79,651.906579
682.739971,144,652.27339
497.614762,95,652.519046
571.506981,107,652.804231
574.441821,109,654.270221
455.214267,86,654.604377
453.939911,84,654.934114
510.819548,90,655.274016
415.609541,76,655.584273
478.657844,101,655.984065
596.365214,113,656.428129
381.228385,82,656.762114
624.335631,116,657.243064
726.778876,139,657.706174
564.134447,103,658.989249
654.600175,138,659.370171
631.874629,129,659.711489
469.460031,101,659.979147
512.092318,106,660.257145
413.04819,86,660.477396
418.359072,89,660.701512
687.562914,126,661.038728
526.257238,97,661.28987
482.180592,87,661.50918
420.897401,92,662.740282
454.941151,88,662.965168
355.927138,70,663.157486
715.114577,137,663.515972
426.211614,80,663.722106
356.422512,72,663.905136
519.741658,110,664.200335
356.289841,75,664.392153
445.779955,81,664.604732
396.365502,83,664.817102
433.121709,90,665.046825
474.144428,87,665.284546
491.411093,112,666.5769
484.312538,104,667.496058
509.699654,96,667.866097
389.312701,74,668.14222
620.120555,115,668.595982
461.994861,84,668.902477
641.274634,123,669.385355
504.600409,106,669.782197
386.882801,82,670.099572
896.17909,175,671.998209
908.611973,169,672.432787
582.766022,109,672.713294
538.771436,104,672.986534
437.892967,82,673.19668
465.860314,101,673.459223
317.942333,68,673.642091
375.416232,70,673.820821
400.508122,88,674.043918
525.663459,99,674.303086
505.275077,104,674.579034
505.72265,92,675.819748
335.798314,61,675.972844
427.016039,77,676.16963
482.180539,88,676.396194
681.124974,131,676.741566
464.833934,85,676.956767
368.560391,69,677.129263
516.173735,96,677.379391
378.328696,82,677.592682
862.512193,161,678.014241
343.857197,75,678.201458
311.493299,62,679.378703
589.177596,123,679.709022
768.171139,145,680.087879
329.594045,61,680.243393
654.948254,119,680.552492
373.895717,69,680.741172
425.284,81,680.959319
452.742848,81,681.169199
373.26381,82,681.407145
335.535801,73,681.700501
454.361689,84,682.03484
498.257993,88,683.857742
390.002472,72,684.176255
674.959291,144,684.794768
633.371715,116,685.176319
475.90178,104,685.471853
513.809069,110,685.757598
756.579011,140,686.137551
447.687794,97,686.386767
361.527612,81,686.605182
439.500596,82,686.81681
441.868457,83,689.56802
380.017085,84,689.902485
584.161735,110,690.344745
504.869931,108,690.787462
433.957178,82,691.111904
464.879751,104,691.538835
493.55587,90,691.774708
519.212498,95,692.017287
537.599093,101,692.278758
448.269149,96,692.538835
688.425665,146,693.937869
530.783696,114,694.238078
501.209016,104,694.528699
326.37339,70,694.70948
506.483798,95,694.95157
464.884317,100,695.359423
382.457415,70,695.650062
447.240894,100,696.034391
341.602435,72,696.302692
488.207707,88,696.650357
651.767548,129,697.143608
606.144697,131,699.036904
504.43111,98,699.291168
427.779509,89,699.524453
581.28283,103,699.805226
632.878506,117,700.104829
402.852797,75,700.296302
369.855963,74,700.487301
677.768672,139,700.84332
465.032645,89,701.065909
502.33495,101,701.31919
436.760309,79,702.502381
416.092259,76,702.691389
528.895262,115,702.99194
777.41182,147,703.372957
470.231767,86,703.592005
355.437518,76,703.798398
482.209526,87,704.017503
304.893106,58,704.162295
763.661486,146,704.538811
571.0433,106,704.830168
497.337808,93,705.06886
363.54994,79,706.275373
572.782147,104,706.544399
430.934256,82,706.749529
413.622175,76,706.953052
573.138324,107,707.228208
440.435007,78,707.439941
449.985636,92,707.676859
431.565318,80,707.890225
368.008475,83,708.100635
504.323642,114,708.409768
441.728205,96,709.602996
573.450627,107,711.501485
388.966395,82,711.833009
410.07728,90,712.193151
449.01543,96,712.526737
458.548207,88,712.75046
374.847676,82,712.956565
355.108708,82,713.175924
409.504671,75,713.370508
417.993997,77,713.569158
765.606326,150,713.952991
469.322071,86,714.177917
332.043454,74,715.354688
441.034358,84,715.594143
486.357785,99,715.851884
689.953411,147,716.244628
387.462178,80,716.451723
465.90998,97,716.701149
476.08165,101,716.96206
605.646335,131,717.319401
409.544066,87,717.54894
463.269999,90,717.779558
617.948024,116,719.067147
408.913474,85,719.281368
576.160111,106,719.575507
461.851564,86,719.798988
528.564306,119,720.110865
443.234662,95,720.369011
748.930904,147,720.750165
379.333983,80,720.951708
715.284761,132,721.292887
643.19186,117,721.607401
489.365658,108,723.105688
403.024571,85,723.443334
364.026031,76,723.735281
469.673492,99,724.103932
569.838028,113,724.555296
552.991278,103,724.944716
425.395393,78,725.273699
402.192403,74,725.585647
428.103826,78,725.908841
431.391968,88,726.230831
534.581634,99,726.4923
421.309076,77,727.698704
323.800908,71,727.878879
471.649694,105,728.14941
407.214075,76,728.344464
301.949826,61,728.506083
582.722917,111,728.795283
467.253802,85,729.010913
816.236535,163,729.423308
427.527833,81,729.630631
372.892899,69,730.689734
450.231852,85,730.930171
524.036452,105,732.187216
595.647461,111,732.475567
568.983355,104,732.740639
376.123795,68,732.924836
377.788287,70,733.104543
536.073936,100,733.365061
522.709141,109,733.646632
456.694052,96,733.898821
432.150394,85,734.107242
737.967826,144,734.476755
534.985823,102,734.738697
433.611273,92,735.965974
617.339566,136,736.404821
347.128808,66,736.66046
541.300784,99,737.044481
398.213468,75,737.320903
473.663779,86,737.639176
476.492843,89,737.974339
351.22328,66,738.225858
351.486388,77,738.519255
486.321383,95,738.885953
482.902731,105,739.308864
457.697686,86,740.807966
543.040892,107,741.080975
482.597479,90,741.323754
462.176366,83,741.548708
466.115869,94,741.792973
362.524966,72,741.98351
368.549281,68,742.165313
418.236624,84,742.391321
564.740417,119,742.699754
896.320671,175,743.148069
457.169353,85,743.380145
393.299147,84,744.582297
505.464541,92,744.818377
817.726122,159,745.217219
436.218452,83,745.438355
720.127304,131,745.785694
441.627174,79,745.982169
1250.29606,256,746.647395
425.429804,96,746.89276
473.724467,102,748.160545
481.806096,91,748.411263
469.067902,87,748.636616
364.913245,67,748.82399
494.849128,110,749.100181
533.020487,101,749.359552
615.32445,116,749.67026
673.993943,126,751.062601
505.365988,89,751.399863
444.741551,93,751.769646
521.242057,96,752.129013
621.590291,117,753.913721
568.40301,123,754.234155
606.318885,126,754.566601
486.3587,103,754.85063
404.4145,88,755.075771
471.94722,86,755.29716
529.431292,98,755.559313
557.773307,115,755.86222
554.457488,114,756.149738
548.734803,102,757.409638
444.585325,81,757.618445
383.708262,82,757.8419
298.455611,69,758.014868
437.117106,82,758.223809
447.068558,82,758.43561
622.942501,128,758.781028
489.591404,85,759.002011
467.245206,83,759.214084
535.751594,112,759.507789
610.048951,111,759.816304
905.33752,173,761.267252
555.973518,118,761.571829
584.4915,109,761.870714
586.15965,128,762.192135
592.762893,114,762.482821
380.877118,86,762.703452
482.683978,89,762.949296
503.758334,91,763.181947
584.176852,111,763.481329
545.358496,103,765.369274
572.229217,105,765.768302
622.401821,133,766.293572
423.750404,94,766.674584
832.071979,176,767.203836
636.626557,119,767.520252
472.935668,98,767.770895
541.916336,105,768.039294
378.56189,73,768.234806
433.549121,79,768.44465
670.711402,126,769.761279
491.37559,89,769.988132
650.426652,118,770.303203
431.693451,81,770.514218
457.172544,100,770.774064
402.585394,75,771.778644
389.174077,78,771.975634
453.080779,83,772.19383
412.606091,77,772.408695
646.196955,118,772.712678
468.93341,96,772.957407
445.686156,79,774.156622
377.185798,84,774.385509
563.252546,117,774.693391
634.991646,133,775.044072
564.798378,122,775.371148
517.550249,107,775.664198
416.026694,90,775.904717
600.828998,119,776.207757
392.188777,82,776.432069
619.190145,131,778.203012
429.187095,79,778.536615
434.459805,88,778.880409
549.726462,104,779.27211
881.118986,182,780.019762
436.223811,95,780.363431
380.564893,74,780.568217
537.770751,110,780.862982
521.235941,100,781.119115
380.148067,75,781.31603
405.073866,88,782.549617
525.084285,96,782.811785
689.80641,139,783.174972
647.696904,123,783.49126
494.393331,105,783.773428
467.395755,97,784.019748
373.556444,69,784.193212
410.90272,91,784.434037
448.634009,83,784.64661
561.255367,103,784.935882
386.473653,84,785.152404
391.571186,73,786.358515
578.226028,108,786.646505
460.852692,85,786.878979
640.01487,122,787.189358
701.880933,137,787.544618
439.807828,94,787.802525
573.549262,103,788.074405
415.36687,81,788.281195
579.682123,107,788.560364
668.781882,125,788.90197
530.611992,113,790.188042
447.6423,81,790.45876
670.262183,124,790.961567
373.382846,70,791.222051
456.686761,87,792.532825
422.936645,88,792.862141
529.831035,101,793.269455
552.557772,103,793.685215
431.800103,91,793.952272
425.096159,77,794.15974
654.7569,140,795.511261
449.061283,81,795.716843
541.410834,99,795.974034
555.676772,99,796.238442
497.802774,104,796.500527
450.290407,82,796.70814
628.613966,129,797.039062
324.889239,71,797.230892
465.604926,100,797.488609
454.001384,82,797.695714
556.87838,105,797.96543
757.449688,151,799.359235
414.554589,79,799.55847
628.541048,127,799.893051
582.705464,117,800.191362
470.622076,97,800.438455
701.328814,130,800.774055
473.685429,106,801.044043
515.204145,97,801.303439
454.871533,96,801.549764
469.38164,84,802.743352
463.17885,102,803.001827
686.4777,129,803.336579
656.312668,123,803.653321
787.319172,154,804.203471
470.399773,100,804.58542
501.572924,90,804.924895
464.140035,86,805.25687
432.725253,96,805.634805
486.532813,92,805.984823
429.513111,80,807.632982
394.780699,86,807.858472
452.829635,85,808.075867
366.402467,79,808.275554
694.876757,134,808.631916
383.806944,76,808.827814
468.068758,98,809.078956
596.827869,112,809.363371
442.274978,81,809.585208
695.579405,140,809.957795
444.387816,82,811.158643
512.118429,105,811.423721
450.611542,86,811.650567
498.84526,89,811.87556
400.977103,87,812.885017
446.473562,89,813.118632
652.852077,122,813.437109
645.111238,122,813.7652
514.223505,91,814.001087
627.837467,112,814.284976
481.403437,99,814.541884
482.890318,87,816.217488
697.541236,133,816.642119
497.379298,93,816.946189
481.111211,98,817.249803
479.532823,101,817.924699
444.108894,84,818.424212
667.719912,116,819.263216
463.389649,85,819.857623
470.466905,100,820.372432
417.052584,89,820.827541
440.335608,95,822.876566
470.304856,87,823.127784
710.16684,130,823.47382
564.639294,105,823.735987
985.912521,198,824.246095
547.109173,102,824.520593
409.136377,86,824.740902
523.128886,110,825.027306
598.181407,122,825.345177
531.994373,98,826.611851
518.723919,96,826.859966
522.599061,112,827.144583
397.441844,87,827.378972
701.77276,127,827.720435
474.552542,87,827.943086
470.870165,101,828.203957
691.899743,128,828.548812
856.904697,161,828.959727
608.866562,115,830.253522
661.729901,133,830.604141
437.394776,94,830.846262
655.999998,123,831.162209
328.682203,61,831.321776
491.874775,101,831.589872
568.736258,106,831.874211
721.862677,141,832.229535
807.922203,159,832.648813
580.718519,121,834.412213
447.389031,97,834.809193
602.662095,111,836.477074
350.458502,73,836.670016
897.294404,170,837.109323
515.348355,98,837.366621
571.112143,120,837.665488
531.994852,100,837.934375
639.414513,116,838.228425
523.58091,98,839.460738
446.858911,91,839.696454
500.762965,109,839.994706
381.866395,72,840.17492
367.785607,75,840.373484
468.295522,95,840.614151
395.448851,71,840.796021
558.550454,106,841.08165
366.867134,68,841.257274
405.320138,88,841.484634
445.120917,85,841.698534
473.307677,86,841.916026
527.393537,96,843.163205
537.129147,112,843.451398
412.444094,87,843.67145
611.71915,114,843.957774
428.403957,90,844.209802
332.757293,61,844.369857
682.038025,126,844.693782
336.818549,66,844.871021
579.232615,105,845.148976
458.832899,86,845.384466
571.721696,105,845.653377
540.469451,97,847.124238
379.374093,68,847.388443
682.510977,142,847.927532
481.750488,90,848.299921
446.353809,83,848.618643
314.901313,71,848.87685
488.925134,91,849.228735
390.157871,71,849.526507
692.745073,143,850.025433
460.638761,85,850.245018
679.773535,127,851.597429
468.82458,101,851.854091
503.449236,94,852.092492
539.243851,100,852.350875
670.44235,135,852.704363
439.939004,96,852.95193
509.148643,100,853.204783
502.121725,95,853.44723
768.543121,160,853.861203
441.03915,96,854.105788
484.68593,103,855.347617
645.140734,120,856.41502
474.672747,91,856.661506
449.088743,87,856.888473
406.304874,75,857.084927
510.035221,96,857.333164
745.931209,136,857.69695
641.849779,120,858.010768
538.692231,116,858.309077
452.302706,100,858.561931
884.367486,194,860.156606
433.866325,81,860.472321
615.083691,127,860.954425
677.009731,125,861.446786
414.814516,77,861.757642
584.644455,117,862.19507
655.642299,132,862.683482
372.456994,70,862.96523
560.974272,101,863.37117
471.461107,84,864.570891
618.180254,120,864.904205
674.851501,142,865.27255
772.236233,153,865.670922
525.604603,98,865.95389
466.831972,84,866.173081
515.137087,97,866.421859
482.645854,90,866.648797
541.040099,112,866.94608
574.835056,105,868.19046
673.415816,140,868.539643
371.345982,80,868.741342
431.367094,82,868.944741
595.117465,112,869.237019
627.320728,115,869.533334
474.039369,87,869.755079
722.510995,154,870.167638
532.35844,109,870.453166
366.616157,69,870.628794
457.263994,101,871.895238
483.59724,86,872.127044
447.190689,82,872.336394
819.53085,180,872.790198
389.825463,82,873.00083
577.622557,106,873.28211
431.349827,94,873.622219
458.731713,87,873.94821
540.570826,98,874.333333
605.171362,114,875.913987
344.959962,73,877.546993
441.107949,98,877.926386
695.098071,128,878.406976
439.631612,81,878.720186
563.198387,113,879.158379
588.448591,110,879.588043
822.157001,155,880.179699
343.30648,63,880.429713
611.498145,114,880.893696
444.867375,95,881.134329
392.6916,90,882.345045
563.591059,115,882.653338
658.374545,139,883.018777
382.208001,80,883.223632
577.335864,125,883.547731
528.334384,98,883.807197
412.516401,89,884.035016
424.445875,78,884.234507
472.877518,84,884.452278
574.955288,107,884.733824
561.488228,105,886.035609
406.547095,76,886.230322
483.090481,90,886.463696
571.450909,123,886.786057
497.268796,96,887.133807
601.122133,107,887.552915
436.122335,79,887.859943
452.489306,82,888.172181
419.434528,91,888.546859
659.663429,134,889.078038
609.758336,124,890.87689
601.404169,124,891.205252
656.983884,124,891.531898
330.265835,73,891.719395
765.697547,145,892.103648
425.328568,84,892.319581
543.293573,101,892.572294
504.491992,95,892.814672
536.203459,101,893.080183
636.70768,132,893.421479
534.976177,119,894.709469
563.658116,101,894.968008
412.727204,84,895.197648
582.828404,120,895.508685
717.463758,134,895.853383
671.53177,123,896.197425
628.123056,131,896.537099
321.910529,62,897.385944
559.305161,104,897.671069
585.514785,118,898.990649
542.431786,115,899.297303
456.090823,102,899.559903
517.749493,96,899.805473
295.766482,55,899.948881
457.67833,83,900.162051
606.258934,109,900.475521
567.357818,106,900.890703
858.516108,159,901.512526
529.365453,94,901.873702
545.74132,99,903.798163
696.380674,131,904.164072
493.503835,96,904.431897
510.082618,109,904.717346
614.219818,129,905.06153
456.520675,99,905.319031
407.37319,92,905.572697
675.523759,142,905.941552
549.073434,117,906.245502
629.89525,115,907.558865
414.126918,79,907.759543
508.804353,94,907.996984
685.706494,124,908.309818
553.273299,103,908.58356
605.47468,107,908.854234
549.027655,103,909.112936
496.066195,109,909.395594
333.429793,62,909.56292
392.227757,73,909.752998
499.48374,106,911.03493
386.088123,82,911.248591
454.596903,88,911.474134
507.581778,108,911.767313
445.304732,82,911.979133
500.218669,93,912.219766
407.285904,83,912.43241
360.83737,79,912.645373
443.560532,95,912.891956
474.269489,104,913.152479
414.651056,75,913.336763
671.579624,128,913.665892
553.785583,102,915.497294
416.971934,76,915.79311
355.427439,65,916.036048
515.274217,97,916.391294
433.536695,81,916.704506
482.455785,89,917.079321
794.700694,170,917.583709
596.113034,128,918.876382
486.023296,87,919.113088
445.408969,98,919.372801
859.129313,177,920.856249
641.454402,120,921.177225
544.72373,102,921.441965
424.797594,88,921.663351
395.737088,78,921.864794
475.584773,89,922.101172
536.507369,100,922.355646
385.643784,84,922.567082
514.472196,115,922.857074
1175.328245,224,924.447796
620.994147,118,924.747953
557.236704,102,925.018656
368.932877,78,925.231104
669.289113,138,925.58805
521.255412,109,925.876826
515.319547,95,926.118617
673.219892,138,926.510997
538.816032,112,926.795878
455.904848,92,928.430156
463.541919,85,928.768948
559.644796,107,929.172077
440.502626,83,929.489634
306.747452,60,929.703257
481.160204,89,930.052158
491.602601,99,930.454714
828.732513,155,930.946028
680.456657,130,931.273374
555.846989,105,931.556809
481.613677,87,932.783695
364.567415,66,932.95016
320.775848,66,933.119542
579.52305,106,933.389986
457.968745,93,933.638112
417.287811,94,933.881729
481.265181,102,934.150904
502.151095,107,934.425612
498.647958,102,934.69436
775.155206,153,935.087822
506.723313,93,936.328848
529.557698,113,936.63796
397.043512,72,936.823027
663.588563,122,937.137197
451.155936,80,937.343869
427.690075,93,937.589535
517.930541,95,937.834356
621.176825,115,939.016183
518.497733,97,939.276111
446.700882,94,939.513644
583.356717,108,939.793824
620.310612,114,941.267411
545.291995,97,941.629546
474.422068,101,942.028063
498.469383,97,942.410818
654.701805,138,942.938531
411.044489,88,943.266369
449.375018,95,943.657056
477.329449,89,944.011165
811.519924,164,944.487083
314.997364,66,944.656958
405.709741,89,945.891768
507.553941,93,946.152379
414.951735,77,946.349836
738.498937,154,946.751083
516.226528,95,947.009354
394.215703,73,947.197586
873.870533,164,947.631077
468.319129,101,947.888313
560.133955,115,948.196746
603.750276,111,949.49723
457.265472,96,949.738086
421.087503,77,949.939024
692.196895,140,950.31738
769.831273,153,950.716536
457.598199,87,950.942346
716.15826,133,951.296467
758.947101,137,951.649388
476.687785,86,951.872854
548.261582,119,953.174295
569.863036,107,953.449357
350.934213,65,953.616562
455.666808,100,953.867951
439.603324,93,954.103465
544.788976,120,954.557014
740.897977,140,955.104742
673.193893,123,955.583114
520.659504,90,955.928682
572.333925,102,956.337223
535.12314,97,958.04378
603.396685,116,958.344284
514.404084,95,958.600975
441.864072,80,958.801049
495.911086,91,959.036018
485.304589,87,959.932879
582.374533,103,960.204787
409.932385,89,960.440272
453.541344,82,960.660173
674.349671,127,960.983899
449.996259,81,961.190797
487.112078,102,962.452832
483.036424,96,962.707059
432.06217,78,962.906589
572.42331,104,963.170346
475.925551,102,963.435259
436.139708,77,963.638407
562.884091,103,963.900668
466.873103,86,964.123272
718.381971,143,964.497792
467.995586,84,964.721638
581.58082,106,965.995761
408.662353,89,966.219507
520.873227,96,966.46931
756.225613,155,966.887777
333.871456,74,967.077841
497.674298,106,967.349565
443.756304,94,967.587016
380.752856,69,967.829117
434.226555,80,968.133
803.306167,146,968.681346
735.218891,132,970.639904
541.435285,108,971.093757
512.169711,107,971.37258
537.004766,109,971.652008
425.399206,78,971.84682
428.157516,95,972.094225
373.05384,70,972.27248
494.766458,91,972.501505
517.202213,93,972.734035
391.196746,84,972.962641
641.817853,133,974.283191
647.437955,114,974.579577
500.260085,91,974.809037
420.802735,92,975.061058
449.966813,98,975.314918
478.77348,90,975.54616
756.399033,143,975.901467
389.464117,71,976.084239
500.186871,100,976.342858
717.653775,137,976.688116
677.663282,130,978.019065
590.288683,105,978.299279
669.342219,120,978.607589
498.784257,98,978.856571
493.7158,91,979.91558
516.319689,94,980.170348
406.235019,76,980.36443
547.799925,115,980.660535
409.454633,75,980.848535
453.395522,85,981.064048
610.796961,126,983.011599
485.827284,88,983.34443
513.858443,89,983.671761
658.322815,132,984.193507
660.237415,120,984.613341
494.16974,104,984.875898
513.404045,93,985.116217
660.971657,134,985.469819
399.615315,72,985.659047
481.870585,101,985.922632
412.261666,88,987.155849
408.643422,92,987.401356
424.092799,88,987.637125
416.838766,83,987.854026
514.799737,95,988.097717
629.215626,117,988.400995
458.063301,84,988.627557
541.659468,100,988.880691
581.603259,104,989.146644
493.758045,104,989.414952
549.454342,101,989.686049
490.957657,92,990.928621
428.081698,78,991.125938
689.60481,126,991.452492
457.687589,84,991.675536
437.552489,77,991.874004
434.794692,78,992.068374
422.288729,95,992.31496
466.525017,104,992.578394
513.825617,96,992.834724
635.318834,125,993.163027
600.034028,110,993.460186
634.179303,115,994.927037
601.724044,111,995.364359
395.557879,74,995.641129
754.264792,147,996.239593
466.6878,103,996.647641
513.579598,95,997.031239
508.904151,95,997.4077
410.541352,88,997.757287
435.340034,80,998.057957
633.416788,131,999.386235
548.30065,100,999.647517
535.188908,98,999.900291
312.451606,69,1000.945575
738.150422,133,1001.302106
376.76832,81,1001.508637
809.332651,147,1001.88477
607.751471,105,1002.168373
671.076267,126,1002.492527
556.099511,110,1002.779708
890.405679,174,1004.238477
454.368372,80,1004.450954
410.338563,76,1004.649252
427.507228,85,1004.872375
396.989296,74,1005.068608
655.829483,121,1005.392734
366.479475,69,1005.57187
454.295567,85,1005.793715
520.337159,95,1006.045508
343.264028,63,1006.221176
499.164123,108,1006.498294
455.696541,86,1007.735585
443.409315,95,1007.980458
544.455219,99,1008.38193
489.145774,104,1008.768854
463.518763,99,1009.131531
492.828567,93,1009.530016
601.169863,110,1009.96063
527.725663,98,1010.345042
393.699728,73,1010.621422
560.278907,116,1011.104702
511.723571,95,1012.506699
629.702574,116,1012.795793
418.962363,78,1012.992315
782.453652,144,1013.360521
625.012312,116,1013.662962
470.786707,86,1013.879833
756.665793,141,1014.228821
358.28499,67,1014.397619
395.767742,87,1014.635298
391.01308,81,1014.84141
471.377045,89,1015.077774
876.303611,174,1016.559003
397.476212,74,1016.758947
547.613197,115,1017.056371
383.121941,71,1017.235424
535.075609,98,1017.4832
684.871494,140,1017.859178
501.958948,102,1018.115028
448.683854,81,1018.321257
576.791085,110,1018.605944
456.545295,94,1019.864075
548.124274,113,1020.164384
349.284524,63,1021.118303
611.252295,112,1021.416515
466.677638,86,1021.726119
393.413225,71,1022.008783
502.722789,105,1022.411687
495.024621,90,1022.747777
683.311799,139,1023.314356
360.121399,79,1023.619083
536.406317,99,1024.009562
